Handle,Title,Body (HTML),Vendor,Type,Tags,Published,Option1 Name,Option1 Value,Option2 Name,Option2 Value,Option3 Name,Option3 Value,Variant SKU,Variant Grams,Variant Inventory Tracker,Variant Inventory Policy,Variant Fulfillment Service,Variant Price,Variant Compare At Price,Variant Requires Shipping,Variant Taxable,Variant Barcode,Image Src,Image Position,Image Alt Text,Gift Card,SEO Title,SEO Description,Google Shopping / Google Product Category,Google Shopping / Gender,Google Shopping / Age Group,,Google Shopping / AdWords Grouping,Google Shopping / AdWords Labels,Google Shopping / Condition,Google Shopping / Custom Product,Google Shopping / Custom Label 0,Google Shopping / Custom Label 1,Google Shopping / Custom Label 2,Google Shopping / Custom Label 3,Google Shopping / Custom Label 4,Variant Image,Variant Weight Unit,Variant Tax Code,Cost per item,Status
aasha-large,Aasha Large,ETKIE bracelets are hand-beaded in collaboration with talented Navajo artisans in New Mexico.,ETKIE,bracelet,Heritage,TRUE,Title,Default Title,,,,,,250,,deny,manual,278,,TRUE,TRUE,,https://cdn.shopify.com/s/files/1/0824/5717/files/col2021_Aasha_Large.jpg?v=1614533743,1,,FALSE,Etkie jewelry made in New Mexico,Handmade Native American beaded bracelets,,,,,,,,,,,,,,,,,,active
aasha-small,Aasha Small,ETKIE bracelets are hand-beaded in collaboration with talented Navajo artisans in New Mexico.,ETKIE,bracelet,Heritage,TRUE,Title,Default Title,,,,,,250,,deny,manual,218,,TRUE,TRUE,,https://cdn.shopify.com/s/files/1/0824/5717/files/col2021_Aasha_Small.jpg?v=1614533697,1,,FALSE,Etkie jewelry made in New Mexico,Handmade Native American beaded bracelets,,,,,,,,,,,,,,,,,,active
alice-large,Alice Large,ETKIE bracelets are hand-beaded in collaboration with talented Navajo artisans in New Mexico.,ETKIE,bracelet,Dark Skies,TRUE,Title,Default Title,,,,,,250,,deny,manual,278,,TRUE,TRUE,,https://cdn.shopify.com/s/files/1/0824/5717/files/col2021_Alice_Large.jpg?v=1614533743,1,,FALSE,Etkie jewelry made in New Mexico,Handmade Native American beaded bracelets,,,,,,,,,,,,,,,,,,active
alice-small,Alice Small,ETKIE bracelets are hand-beaded in collaboration with talented Navajo artisans in New Mexico.,ETKIE,bracelet,Dark Skies,TRUE,Title,Default Title,,,,,,250,,deny,manual,218,,TRUE,TRUE,,https://cdn.shopify.com/s/files/1/0824/5717/files/col2021_Alice_Small.jpg?v=1614533704,1,,FALSE,Etkie jewelry made in New Mexico,Handmade Native American beaded bracelets,,,,,,,,,,,,,,,,,,active
andrea-large,Andrea Large,ETKIE bracelets are hand-beaded in collaboration with talented Navajo artisans in New Mexico.,ETKIE,bracelet,Heritage,TRUE,Title,Default Title,,,,,,250,,deny,manual,278,,TRUE,TRUE,,https://cdn.shopify.com/s/files/1/0824/5717/files/col2021_Andrea_Large.jpg?v=1614533741,1,,FALSE,Etkie jewelry made in New Mexico,Handmade Native American beaded bracelets,,,,,,,,,,,,,,,,,,active
andrea-small,Andrea Small,ETKIE bracelets are hand-beaded in collaboration with talented Navajo artisans in New Mexico.,ETKIE,bracelet,Heritage,TRUE,Title,Default Title,,,,,,250,,deny,manual,218,,TRUE,TRUE,,https://cdn.shopify.com/s/files/1/0824/5717/files/col2021_Andrea_Small.jpg?v=1614533699,1,,FALSE,Etkie jewelry made in New Mexico,Handmade Native American beaded bracelets,,,,,,,,,,,,,,,,,,active
astrid-x-large,Astrid X Large,ETKIE bracelets are hand-beaded in collaboration with talented Navajo artisans in New Mexico.,ETKIE,bracelet,Black Tourmaline,TRUE,Title,Default Title,,,,,,250,,deny,manual,528,,TRUE,TRUE,,https://cdn.shopify.com/s/files/1/0824/5717/files/col2021_Astrid_X_Large.jpg?v=1614533943,1,,FALSE,Etkie jewelry made in New Mexico,Handmade Native American beaded bracelets,,,,,,,,,,,,,,,,,,active
becca-large,Becca Large,ETKIE bracelets are hand-beaded in collaboration with talented Navajo artisans in New Mexico.,ETKIE,bracelet,Heritage,TRUE,Title,Default Title,,,,,,250,,deny,manual,278,,TRUE,TRUE,,https://cdn.shopify.com/s/files/1/0824/5717/files/col2021_Becca_Large.jpg?v=1614533745,1,,FALSE,Etkie jewelry made in New Mexico,Handmade Native American beaded bracelets,,,,,,,,,,,,,,,,,,active
becca-medium,Becca Medium,ETKIE bracelets are hand-beaded in collaboration with talented Navajo artisans in New Mexico.,ETKIE,bracelet,Heritage,TRUE,Title,Default Title,,,,,,250,,deny,manual,248,,TRUE,TRUE,,https://cdn.shopify.com/s/files/1/0824/5717/files/col2021_Becca_Medium.jpg?v=1614533709,1,,FALSE,Etkie jewelry made in New Mexico,Handmade Native American beaded bracelets,,,,,,,,,,,,,,,,,,active
becca-x-large,Becca X Large,ETKIE bracelets are hand-beaded in collaboration with talented Navajo artisans in New Mexico.,ETKIE,bracelet,Heritage,TRUE,Title,Default Title,,,,,,250,,deny,manual,528,,TRUE,TRUE,,https://cdn.shopify.com/s/files/1/0824/5717/files/col2021_Becca_X_Large.jpg?v=1614533673,1,,FALSE,Etkie jewelry made in New Mexico,Handmade Native American beaded bracelets,,,,,,,,,,,,,,,,,,active
bramble-large,Bramble Large,ETKIE bracelets are hand-beaded in collaboration with talented Navajo artisans in New Mexico.,ETKIE,bracelet,Bramble,FALSE,Title,Default Title,,,,,,250,,deny,manual,278,,TRUE,TRUE,,https://cdn.shopify.com/s/files/1/0824/5717/files/col2021_Bramble_Large.jpg?v=1614533621,1,,FALSE,Etkie jewelry made in New Mexico,Handmade Native American beaded bracelets,,,,,,,,,,,,,,,,,,active
bramble-small,Bramble Small,ETKIE bracelets are hand-beaded in collaboration with talented Navajo artisans in New Mexico.,ETKIE,bracelet,Bramble,FALSE,Title,Default Title,,,,,,250,,deny,manual,218,,TRUE,TRUE,,https://cdn.shopify.com/s/files/1/0824/5717/files/col2021_Bramble_Small.jpg?v=1614533597,1,,FALSE,Etkie jewelry made in New Mexico,Handmade Native American beaded bracelets,,,,,,,,,,,,,,,,,,active
cactus-large,Cactus Large,ETKIE bracelets are hand-beaded in collaboration with talented Navajo artisans in New Mexico.,ETKIE,bracelet,Heritage,TRUE,Title,Default Title,,,,,,250,,deny,manual,278,,TRUE,TRUE,,https://cdn.shopify.com/s/files/1/0824/5717/files/col2021_Cactus_Large.jpg?v=1614533757,1,,FALSE,Etkie jewelry made in New Mexico,Handmade Native American beaded bracelets,,,,,,,,,,,,,,,,,,active
cactus-medium,Cactus Medium,ETKIE bracelets are hand-beaded in collaboration with talented Navajo artisans in New Mexico.,ETKIE,bracelet,Heritage,TRUE,Title,Default Title,,,,,,250,,deny,manual,248,,TRUE,TRUE,,https://cdn.shopify.com/s/files/1/0824/5717/files/col2021_Cactus_Small.jpg?v=1614533749,1,,FALSE,Etkie jewelry made in New Mexico,Handmade Native American beaded bracelets,,,,,,,,,,,,,,,,,,active
cami-large,Cami Large,ETKIE bracelets are hand-beaded in collaboration with talented Navajo artisans in New Mexico.,ETKIE,bracelet,Coral,TRUE,Title,Default Title,,,,,,250,,deny,manual,278,,TRUE,TRUE,,https://cdn.shopify.com/s/files/1/0824/5717/files/col2021_Cami_Large.jpg?v=1614533604,1,,FALSE,Etkie jewelry made in New Mexico,Handmade Native American beaded bracelets,,,,,,,,,,,,,,,,,,active
cami-small,Cami Small,ETKIE bracelets are hand-beaded in collaboration with talented Navajo artisans in New Mexico.,ETKIE,bracelet,Coral,TRUE,Title,Default Title,,,,,,250,,deny,manual,218,,TRUE,TRUE,,https://cdn.shopify.com/s/files/1/0824/5717/files/col2021_Cami_Small.jpg?v=1614533578,1,,FALSE,Etkie jewelry made in New Mexico,Handmade Native American beaded bracelets,,,,,,,,,,,,,,,,,,active
canyon-large,Canyon Large,ETKIE bracelets are hand-beaded in collaboration with talented Navajo artisans in New Mexico.,ETKIE,bracelet,Black Tourmaline,TRUE,Title,Default Title,,,,,,250,,deny,manual,278,,TRUE,TRUE,,https://cdn.shopify.com/s/files/1/0824/5717/files/col2021_Canyon_Large.jpg?v=1614533758,1,,FALSE,Etkie jewelry made in New Mexico,Handmade Native American beaded bracelets,,,,,,,,,,,,,,,,,,active
canyon-small,Canyon Small,ETKIE bracelets are hand-beaded in collaboration with talented Navajo artisans in New Mexico.,ETKIE,bracelet,Black Tourmaline,TRUE,Title,Default Title,,,,,,250,,deny,manual,218,,TRUE,TRUE,,https://cdn.shopify.com/s/files/1/0824/5717/files/col2021_Canyon_Small.jpg?v=1614533750,1,,FALSE,Etkie jewelry made in New Mexico,Handmade Native American beaded bracelets,,,,,,,,,,,,,,,,,,active
cara-large,Cara Large,ETKIE bracelets are hand-beaded in collaboration with talented Navajo artisans in New Mexico.,ETKIE,bracelet,Dark Skies,TRUE,Title,Default Title,,,,,,250,,deny,manual,278,,TRUE,TRUE,,https://cdn.shopify.com/s/files/1/0824/5717/files/col2021_Cara_Large.jpg?v=1614533739,1,,FALSE,Etkie jewelry made in New Mexico,Handmade Native American beaded bracelets,,,,,,,,,,,,,,,,,,active
cara-small,Cara Small,ETKIE bracelets are hand-beaded in collaboration with talented Navajo artisans in New Mexico.,ETKIE,bracelet,Dark Skies,TRUE,Title,Default Title,,,,,,250,,deny,manual,218,,TRUE,TRUE,,https://cdn.shopify.com/s/files/1/0824/5717/files/col2021_Cara_Small.jpg?v=1614533703,1,,FALSE,Etkie jewelry made in New Mexico,Handmade Native American beaded bracelets,,,,,,,,,,,,,,,,,,active
cara-x-large,Cara X Large,ETKIE bracelets are hand-beaded in collaboration with talented Navajo artisans in New Mexico.,ETKIE,bracelet,Dark Skies,TRUE,Title,Default Title,,,,,,250,,deny,manual,528,,TRUE,TRUE,,https://cdn.shopify.com/s/files/1/0824/5717/files/col2021_Cara_X_Large.jpg?v=1614533754,1,,FALSE,Etkie jewelry made in New Mexico,Handmade Native American beaded bracelets,,,,,,,,,,,,,,,,,,active
coco-large,Coco Large,ETKIE bracelets are hand-beaded in collaboration with talented Navajo artisans in New Mexico.,ETKIE,bracelet,Dark Skies,TRUE,Title,Default Title,,,,,,250,,deny,manual,278,,TRUE,TRUE,,https://cdn.shopify.com/s/files/1/0824/5717/files/col2021_Coco_Large.jpg?v=1614533740,1,,FALSE,Etkie jewelry made in New Mexico,Handmade Native American beaded bracelets,,,,,,,,,,,,,,,,,,active
coco-silver-large,Coco Silver Large,ETKIE bracelets are hand-beaded in collaboration with talented Navajo artisans in New Mexico.,ETKIE,bracelet,Dark Skies,TRUE,Title,Default Title,,,,,,250,,deny,manual,278,,TRUE,TRUE,,https://cdn.shopify.com/s/files/1/0824/5717/files/col2021_Coco_Silver_Large.jpg?v=1614533732,1,,FALSE,Etkie jewelry made in New Mexico,Handmade Native American beaded bracelets,,,,,,,,,,,,,,,,,,active
coco-silver-small,Coco Silver Small,ETKIE bracelets are hand-beaded in collaboration with talented Navajo artisans in New Mexico.,ETKIE,bracelet,Dark Skies,TRUE,Title,Default Title,,,,,,250,,deny,manual,218,,TRUE,TRUE,,https://cdn.shopify.com/s/files/1/0824/5717/files/col2021_Coco_Silver_Small.jpg?v=1614533701,1,,FALSE,Etkie jewelry made in New Mexico,Handmade Native American beaded bracelets,,,,,,,,,,,,,,,,,,active
coco-small,Coco Small,ETKIE bracelets are hand-beaded in collaboration with talented Navajo artisans in New Mexico.,ETKIE,bracelet,Dark Skies,TRUE,Title,Default Title,,,,,,250,,deny,manual,218,,TRUE,TRUE,,https://cdn.shopify.com/s/files/1/0824/5717/files/col2021_Coco_Small.jpg?v=1614533701,1,,FALSE,Etkie jewelry made in New Mexico,Handmade Native American beaded bracelets,,,,,,,,,,,,,,,,,,active
dakota-large,Dakota Large,ETKIE bracelets are hand-beaded in collaboration with talented Navajo artisans in New Mexico.,ETKIE,bracelet,Dark Skies,TRUE,Title,Default Title,,,,,,250,,deny,manual,278,,TRUE,TRUE,,https://cdn.shopify.com/s/files/1/0824/5717/files/col2021_Dakota_Large.jpg?v=1614533739,1,,FALSE,Etkie jewelry made in New Mexico,Handmade Native American beaded bracelets,,,,,,,,,,,,,,,,,,active
dakota-small,Dakota Small,ETKIE bracelets are hand-beaded in collaboration with talented Navajo artisans in New Mexico.,ETKIE,bracelet,Dark Skies,TRUE,Title,Default Title,,,,,,250,,deny,manual,218,,TRUE,TRUE,,https://cdn.shopify.com/s/files/1/0824/5717/files/col2021_Dakota_Small.jpg?v=1614533698,1,,FALSE,Etkie jewelry made in New Mexico,Handmade Native American beaded bracelets,,,,,,,,,,,,,,,,,,active
dawn-large,Dawn Large,ETKIE bracelets are hand-beaded in collaboration with talented Navajo artisans in New Mexico.,ETKIE,bracelet,Black Tourmaline,TRUE,Title,Default Title,,,,,,250,,deny,manual,278,,TRUE,TRUE,,https://cdn.shopify.com/s/files/1/0824/5717/files/col2021_Dawn_Large.jpg?v=1614533759,1,,FALSE,Etkie jewelry made in New Mexico,Handmade Native American beaded bracelets,,,,,,,,,,,,,,,,,,active
dawn-small,Dawn Small,ETKIE bracelets are hand-beaded in collaboration with talented Navajo artisans in New Mexico.,ETKIE,bracelet,Black Tourmaline,TRUE,Title,Default Title,,,,,,250,,deny,manual,218,,TRUE,TRUE,,https://cdn.shopify.com/s/files/1/0824/5717/files/col2021_Dawn_Small.jpg?v=1614533748,1,,FALSE,Etkie jewelry made in New Mexico,Handmade Native American beaded bracelets,,,,,,,,,,,,,,,,,,active
destiny-large,Destiny Large,ETKIE bracelets are hand-beaded in collaboration with talented Navajo artisans in New Mexico.,ETKIE,bracelet,Coral,TRUE,Title,Default Title,,,,,,250,,deny,manual,278,,TRUE,TRUE,,https://cdn.shopify.com/s/files/1/0824/5717/files/col2021_Destiny_Large.jpg?v=1614533603,1,,FALSE,Etkie jewelry made in New Mexico,Handmade Native American beaded bracelets,,,,,,,,,,,,,,,,,,active
destiny-small,Destiny Small,ETKIE bracelets are hand-beaded in collaboration with talented Navajo artisans in New Mexico.,ETKIE,bracelet,Coral,TRUE,Title,Default Title,,,,,,250,,deny,manual,218,,TRUE,TRUE,,https://cdn.shopify.com/s/files/1/0824/5717/files/col2021_Destiny_Small.jpg?v=1614533586,1,,FALSE,Etkie jewelry made in New Mexico,Handmade Native American beaded bracelets,,,,,,,,,,,,,,,,,,active
drew-large,Drew Large,ETKIE bracelets are hand-beaded in collaboration with talented Navajo artisans in New Mexico.,ETKIE,bracelet,Heritage,TRUE,Title,Default Title,,,,,,250,,deny,manual,278,,TRUE,TRUE,,https://cdn.shopify.com/s/files/1/0824/5717/files/col2021_Drew_Large.jpg?v=1614533741,1,,FALSE,Etkie jewelry made in New Mexico,Handmade Native American beaded bracelets,,,,,,,,,,,,,,,,,,active
drew-nickel-large,Drew Nickel Large,ETKIE bracelets are hand-beaded in collaboration with talented Navajo artisans in New Mexico.,ETKIE,bracelet,Black Tourmaline,TRUE,Title,Default Title,,,,,,250,,deny,manual,278,,TRUE,TRUE,,https://cdn.shopify.com/s/files/1/0824/5717/files/col2021_Drew_Nickel_Large.jpg?v=1614533757,1,,FALSE,Etkie jewelry made in New Mexico,Handmade Native American beaded bracelets,,,,,,,,,,,,,,,,,,active
drew-nickel-small,Drew Nickel Small,ETKIE bracelets are hand-beaded in collaboration with talented Navajo artisans in New Mexico.,ETKIE,bracelet,Black Tourmaline,TRUE,Title,Default Title,,,,,,250,,deny,manual,218,,TRUE,TRUE,,https://cdn.shopify.com/s/files/1/0824/5717/files/col2021_Drew_Nickel_Small.jpg?v=1614533747,1,,FALSE,Etkie jewelry made in New Mexico,Handmade Native American beaded bracelets,,,,,,,,,,,,,,,,,,active
drew-red-large,Drew Red Large,ETKIE bracelets are hand-beaded in collaboration with talented Navajo artisans in New Mexico.,ETKIE,bracelet,Red,TRUE,Title,Default Title,,,,,,250,,deny,manual,278,,TRUE,TRUE,,https://cdn.shopify.com/s/files/1/0824/5717/files/col2021_Drew_Red_Large.jpg?v=1614533739,1,,FALSE,Etkie jewelry made in New Mexico,Handmade Native American beaded bracelets,,,,,,,,,,,,,,,,,,active
drew-red-small,Drew Red Small,ETKIE bracelets are hand-beaded in collaboration with talented Navajo artisans in New Mexico.,ETKIE,bracelet,Red,TRUE,Title,Default Title,,,,,,250,,deny,manual,218,,TRUE,TRUE,,https://cdn.shopify.com/s/files/1/0824/5717/files/col2021_Drew_Red_Small.jpg?v=1614533696,1,,FALSE,Etkie jewelry made in New Mexico,Handmade Native American beaded bracelets,,,,,,,,,,,,,,,,,,active
drew-small,Drew Small,ETKIE bracelets are hand-beaded in collaboration with talented Navajo artisans in New Mexico.,ETKIE,bracelet,Heritage,TRUE,Title,Default Title,,,,,,250,,deny,manual,218,,TRUE,TRUE,,https://cdn.shopify.com/s/files/1/0824/5717/files/col2021_Drew_Small.jpg?v=1614533701,1,,FALSE,Etkie jewelry made in New Mexico,Handmade Native American beaded bracelets,,,,,,,,,,,,,,,,,,active
ella-large,Ella Large,ETKIE bracelets are hand-beaded in collaboration with talented Navajo artisans in New Mexico.,ETKIE,bracelet,Dark Skies,TRUE,Title,Default Title,,,,,,250,,deny,manual,278,,TRUE,TRUE,,https://cdn.shopify.com/s/files/1/0824/5717/files/col2021_Ella_Large.jpg?v=1614533742,1,,FALSE,Etkie jewelry made in New Mexico,Handmade Native American beaded bracelets,,,,,,,,,,,,,,,,,,active
ella-small,Ella Small,ETKIE bracelets are hand-beaded in collaboration with talented Navajo artisans in New Mexico.,ETKIE,bracelet,Dark Skies,TRUE,Title,Default Title,,,,,,250,,deny,manual,218,,TRUE,TRUE,,https://cdn.shopify.com/s/files/1/0824/5717/files/col2021_Ella_Small.jpg?v=1614533704,1,,FALSE,Etkie jewelry made in New Mexico,Handmade Native American beaded bracelets,,,,,,,,,,,,,,,,,,active
fiona-large,Fiona Large,ETKIE bracelets are hand-beaded in collaboration with talented Navajo artisans in New Mexico.,ETKIE,bracelet,Heritage,TRUE,Title,Default Title,,,,,,250,,deny,manual,278,,TRUE,TRUE,,https://cdn.shopify.com/s/files/1/0824/5717/files/col2021_Fiona_Large.jpg?v=1614533735,1,,FALSE,Etkie jewelry made in New Mexico,Handmade Native American beaded bracelets,,,,,,,,,,,,,,,,,,active
garnet-large,Garnet Large,ETKIE bracelets are hand-beaded in collaboration with talented Navajo artisans in New Mexico.,ETKIE,bracelet,Bramble,FALSE,Title,Default Title,,,,,,250,,deny,manual,278,,TRUE,TRUE,,https://cdn.shopify.com/s/files/1/0824/5717/files/col2021_Garnet_Large.jpg?v=1614533623,1,,FALSE,Etkie jewelry made in New Mexico,Handmade Native American beaded bracelets,,,,,,,,,,,,,,,,,,active
garnet-small,Garnet Small,ETKIE bracelets are hand-beaded in collaboration with talented Navajo artisans in New Mexico.,ETKIE,bracelet,Bramble,FALSE,Title,Default Title,,,,,,250,,deny,manual,218,,TRUE,TRUE,,https://cdn.shopify.com/s/files/1/0824/5717/files/col2021_Garnet_Small.jpg?v=1614533602,1,,FALSE,Etkie jewelry made in New Mexico,Handmade Native American beaded bracelets,,,,,,,,,,,,,,,,,,active
grace-large,Grace Large,ETKIE bracelets are hand-beaded in collaboration with talented Navajo artisans in New Mexico.,ETKIE,bracelet,Heritage,TRUE,Title,Default Title,,,,,,250,,deny,manual,278,,TRUE,TRUE,,https://cdn.shopify.com/s/files/1/0824/5717/files/col2021_Grace_Large.jpg?v=1614533712,1,,FALSE,Etkie jewelry made in New Mexico,Handmade Native American beaded bracelets,,,,,,,,,,,,,,,,,,active
grace-small,Grace Small,ETKIE bracelets are hand-beaded in collaboration with talented Navajo artisans in New Mexico.,ETKIE,bracelet,Heritage,TRUE,Title,Default Title,,,,,,250,,deny,manual,218,,TRUE,TRUE,,https://cdn.shopify.com/s/files/1/0824/5717/files/col2021_Grace_Small.jpg?v=1614533676,1,,FALSE,Etkie jewelry made in New Mexico,Handmade Native American beaded bracelets,,,,,,,,,,,,,,,,,,active
harlow-large,Harlow Large,ETKIE bracelets are hand-beaded in collaboration with talented Navajo artisans in New Mexico.,ETKIE,bracelet,Dark Skies,TRUE,Title,Default Title,,,,,,250,,deny,manual,250,,TRUE,TRUE,,https://cdn.shopify.com/s/files/1/0824/5717/files/col2021_Harlow_Large.jpg?v=1614533736,1,,FALSE,Etkie jewelry made in New Mexico,Handmade Native American beaded bracelets,,,,,,,,,,,,,,,,,,active
harlow-small,Harlow Small,ETKIE bracelets are hand-beaded in collaboration with talented Navajo artisans in New Mexico.,ETKIE,bracelet,Dark Skies,TRUE,Title,Default Title,,,,,,250,,deny,manual,218,,TRUE,TRUE,,https://cdn.shopify.com/s/files/1/0824/5717/files/col2021_Harlow_Small.jpg?v=1614533690,1,,FALSE,Etkie jewelry made in New Mexico,Handmade Native American beaded bracelets,,,,,,,,,,,,,,,,,,active
harmony-large,Harmony Large,ETKIE bracelets are hand-beaded in collaboration with talented Navajo artisans in New Mexico.,ETKIE,bracelet,Black Tourmaline,TRUE,Title,Default Title,,,,,,250,,deny,manual,278,,TRUE,TRUE,,https://cdn.shopify.com/s/files/1/0824/5717/files/col2021_Harmony_Large.jpg?v=1614533758,1,,FALSE,Etkie jewelry made in New Mexico,Handmade Native American beaded bracelets,,,,,,,,,,,,,,,,,,active
harmony-small,Harmony Small,ETKIE bracelets are hand-beaded in collaboration with talented Navajo artisans in New Mexico.,ETKIE,bracelet,Black Tourmaline,TRUE,Title,Default Title,,,,,,250,,deny,manual,218,,TRUE,TRUE,,https://cdn.shopify.com/s/files/1/0824/5717/files/col2021_Harmony_Small.jpg?v=1614533749,1,,FALSE,Etkie jewelry made in New Mexico,Handmade Native American beaded bracelets,,,,,,,,,,,,,,,,,,active
honor-large,Honor Large,ETKIE bracelets are hand-beaded in collaboration with talented Navajo artisans in New Mexico.,ETKIE,bracelet,Bramble,FALSE,Title,Default Title,,,,,,250,,deny,manual,278,,TRUE,TRUE,,https://cdn.shopify.com/s/files/1/0824/5717/files/col2021_Honor_Large.jpg?v=1614533616,1,,FALSE,Etkie jewelry made in New Mexico,Handmade Native American beaded bracelets,,,,,,,,,,,,,,,,,,active
honor-large-seven,Honor Large 7 inch,ETKIE bracelets are hand-beaded in collaboration with talented Navajo artisans in New Mexico.,ETKIE,bracelet,Bramble,FALSE,Title,Default Title,,,,,,250,,deny,manual,288,,TRUE,TRUE,,https://cdn.shopify.com/s/files/1/0824/5717/files/col2021_Honor_Large.jpg?v=1614533616,1,,FALSE,Etkie jewelry made in New Mexico,Handmade Native American beaded bracelets,,,,,,,,,,,,,,,,,,active
honor-small,Honor Small,ETKIE bracelets are hand-beaded in collaboration with talented Navajo artisans in New Mexico.,ETKIE,bracelet,Bramble,FALSE,Title,Default Title,,,,,,250,,deny,manual,218,,TRUE,TRUE,,https://cdn.shopify.com/s/files/1/0824/5717/files/col2021_Honor_Small.jpg?v=1614533602,1,,FALSE,Etkie jewelry made in New Mexico,Handmade Native American beaded bracelets,,,,,,,,,,,,,,,,,,active
honor-small-seven,Honor Small 7 inch,ETKIE bracelets are hand-beaded in collaboration with talented Navajo artisans in New Mexico.,ETKIE,bracelet,Bramble,FALSE,Title,Default Title,,,,,,250,,deny,manual,228,,TRUE,TRUE,,https://cdn.shopify.com/s/files/1/0824/5717/files/col2021_Honor_Small.jpg?v=1614533602,1,,FALSE,Etkie jewelry made in New Mexico,Handmade Native American beaded bracelets,,,,,,,,,,,,,,,,,,active
hyacinth-large,Hyacinth Large,ETKIE bracelets are hand-beaded in collaboration with talented Navajo artisans in New Mexico.,ETKIE,bracelet,Bramble,FALSE,Title,Default Title,,,,,,250,,deny,manual,278,,TRUE,TRUE,,https://cdn.shopify.com/s/files/1/0824/5717/files/col2021_Hyacinyth_Large.jpg?v=1614533624,1,,FALSE,Etkie jewelry made in New Mexico,Handmade Native American beaded bracelets,,,,,,,,,,,,,,,,,,active
hyacinth-small,Hyacinth Small,ETKIE bracelets are hand-beaded in collaboration with talented Navajo artisans in New Mexico.,ETKIE,bracelet,Bramble,FALSE,Title,Default Title,,,,,,250,,deny,manual,218,,TRUE,TRUE,,https://cdn.shopify.com/s/files/1/0824/5717/files/col2021_Hyacinyth_Small.jpg?v=1614533597,1,,FALSE,Etkie jewelry made in New Mexico,Handmade Native American beaded bracelets,,,,,,,,,,,,,,,,,,active
jack-large,Jack Large,ETKIE bracelets are hand-beaded in collaboration with talented Navajo artisans in New Mexico.,ETKIE,bracelet,Desert,TRUE,Title,Default Title,,,,,,250,,deny,manual,278,,TRUE,TRUE,,https://cdn.shopify.com/s/files/1/0824/5717/files/col2021_Jack_Large.jpg?v=1614533742,1,,FALSE,Etkie jewelry made in New Mexico,Handmade Native American beaded bracelets,,,,,,,,,,,,,,,,,,active
jack-small,Jack Small,ETKIE bracelets are hand-beaded in collaboration with talented Navajo artisans in New Mexico.,ETKIE,bracelet,Desert,TRUE,Title,Default Title,,,,,,250,,deny,manual,218,,TRUE,TRUE,,https://cdn.shopify.com/s/files/1/0824/5717/files/col2021_Jack_Small.jpg?v=1614533699,1,,FALSE,Etkie jewelry made in New Mexico,Handmade Native American beaded bracelets,,,,,,,,,,,,,,,,,,active
james-large,James Large,ETKIE bracelets are hand-beaded in collaboration with talented Navajo artisans in New Mexico.,ETKIE,bracelet,Heritage,TRUE,Title,Default Title,,,,,,250,,deny,manual,278,,TRUE,TRUE,,https://cdn.shopify.com/s/files/1/0824/5717/files/col2021_James_Large.jpg?v=1614533741,1,,FALSE,Etkie jewelry made in New Mexico,Handmade Native American beaded bracelets,,,,,,,,,,,,,,,,,,active
james-small,James Small,ETKIE bracelets are hand-beaded in collaboration with talented Navajo artisans in New Mexico.,ETKIE,bracelet,Heritage,TRUE,Title,Default Title,,,,,,250,,deny,manual,218,,TRUE,TRUE,,https://cdn.shopify.com/s/files/1/0824/5717/files/col2021_James_Small.jpg?v=1614533689,1,,FALSE,Etkie jewelry made in New Mexico,Handmade Native American beaded bracelets,,,,,,,,,,,,,,,,,,active
james-x-large,James X Large,ETKIE bracelets are hand-beaded in collaboration with talented Navajo artisans in New Mexico.,ETKIE,bracelet,Heritage,TRUE,Title,Default Title,,,,,,250,,deny,manual,528,,TRUE,TRUE,,https://cdn.shopify.com/s/files/1/0824/5717/files/col2021_James_X_Large.jpg?v=1614533755,1,,FALSE,Etkie jewelry made in New Mexico,Handmade Native American beaded bracelets,,,,,,,,,,,,,,,,,,active
jordan-large,Jordan Large,ETKIE bracelets are hand-beaded in collaboration with talented Navajo artisans in New Mexico.,ETKIE,bracelet,Desert,TRUE,Title,Default Title,,,,,,250,,deny,manual,278,,TRUE,TRUE,,https://cdn.shopify.com/s/files/1/0824/5717/files/col2021_Jordan_Large.jpg?v=1614533744,1,,FALSE,Etkie jewelry made in New Mexico,Handmade Native American beaded bracelets,,,,,,,,,,,,,,,,,,active
jordan-small,Jordan Small,ETKIE bracelets are hand-beaded in collaboration with talented Navajo artisans in New Mexico.,ETKIE,bracelet,Desert,TRUE,Title,Default Title,,,,,,250,,deny,manual,218,,TRUE,TRUE,,https://cdn.shopify.com/s/files/1/0824/5717/files/col2021_Jordan_Small.jpg?v=1614533700,1,,FALSE,Etkie jewelry made in New Mexico,Handmade Native American beaded bracelets,,,,,,,,,,,,,,,,,,active
juliayn-large,Juliayn Large,ETKIE bracelets are hand-beaded in collaboration with talented Navajo artisans in New Mexico.,ETKIE,bracelet,Sage,TRUE,Title,Default Title,,,,,,250,,deny,manual,278,,TRUE,TRUE,,https://cdn.shopify.com/s/files/1/0824/5717/files/col2021_Juliayn_Large.jpg?v=1614533712,1,,FALSE,Etkie jewelry made in New Mexico,Handmade Native American beaded bracelets,,,,,,,,,,,,,,,,,,active
juliayn-small,Juliayn Small,ETKIE bracelets are hand-beaded in collaboration with talented Navajo artisans in New Mexico.,ETKIE,bracelet,Sage,TRUE,Title,Default Title,,,,,,250,,deny,manual,218,,TRUE,TRUE,,https://cdn.shopify.com/s/files/1/0824/5717/files/col2021_Juliayn_Small.jpg?v=1614533673,1,,FALSE,Etkie jewelry made in New Mexico,Handmade Native American beaded bracelets,,,,,,,,,,,,,,,,,,active
kai-large,Kai Large,ETKIE bracelets are hand-beaded in collaboration with talented Navajo artisans in New Mexico.,ETKIE,bracelet,Heritage,TRUE,Title,Default Title,,,,,,250,,deny,manual,278,,TRUE,TRUE,,https://cdn.shopify.com/s/files/1/0824/5717/files/col2021_Kai_Large.jpg?v=1614533729,1,,FALSE,Etkie jewelry made in New Mexico,Handmade Native American beaded bracelets,,,,,,,,,,,,,,,,,,active
kai-small,Kai Medium,ETKIE bracelets are hand-beaded in collaboration with talented Navajo artisans in New Mexico.,ETKIE,bracelet,Heritage,TRUE,Title,Default Title,,,,,,250,,deny,manual,248,,TRUE,TRUE,,https://cdn.shopify.com/s/files/1/0824/5717/files/col2021_Kai_Medium.jpg?v=1614533686,1,,FALSE,Etkie jewelry made in New Mexico,Handmade Native American beaded bracelets,,,,,,,,,,,,,,,,,,active
kalani-large,Kalani Large,ETKIE bracelets are hand-beaded in collaboration with talented Navajo artisans in New Mexico.,ETKIE,bracelet,Dark Skies,TRUE,Title,Default Title,,,,,,250,,deny,manual,278,,TRUE,TRUE,,https://cdn.shopify.com/s/files/1/0824/5717/files/col2021_Kalani_Large.jpg?v=1614533741,1,,FALSE,Etkie jewelry made in New Mexico,Handmade Native American beaded bracelets,,,,,,,,,,,,,,,,,,active
kalani-small,Kalani Small,ETKIE bracelets are hand-beaded in collaboration with talented Navajo artisans in New Mexico.,ETKIE,bracelet,Dark Skies,TRUE,Title,Default Title,,,,,,250,,deny,manual,218,,TRUE,TRUE,,https://cdn.shopify.com/s/files/1/0824/5717/files/col2021_Kalani_Small.jpg?v=1614533701,1,,FALSE,Etkie jewelry made in New Mexico,Handmade Native American beaded bracelets,,,,,,,,,,,,,,,,,,active
kelly-green-large,Kelly Green Large,ETKIE bracelets are hand-beaded in collaboration with talented Navajo artisans in New Mexico.,ETKIE,bracelet,Sage,TRUE,Title,Default Title,,,,,,250,,deny,manual,278,,TRUE,TRUE,,https://cdn.shopify.com/s/files/1/0824/5717/files/col2021_Kelly_Green_Large.jpg?v=1614533741,1,,FALSE,Etkie jewelry made in New Mexico,Handmade Native American beaded bracelets,,,,,,,,,,,,,,,,,,active
kelly-green-small,Kelly Green Small,ETKIE bracelets are hand-beaded in collaboration with talented Navajo artisans in New Mexico.,ETKIE,bracelet,Sage,TRUE,Title,Default Title,,,,,,250,,deny,manual,218,,TRUE,TRUE,,https://cdn.shopify.com/s/files/1/0824/5717/files/col2021_Kelly_Green_Small.jpg?v=1614533692,1,,FALSE,Etkie jewelry made in New Mexico,Handmade Native American beaded bracelets,,,,,,,,,,,,,,,,,,active
kelly-large,Kelly Large,ETKIE bracelets are hand-beaded in collaboration with talented Navajo artisans in New Mexico.,ETKIE,bracelet,Dark Skies,TRUE,Title,Default Title,,,,,,250,,deny,manual,278,,TRUE,TRUE,,https://cdn.shopify.com/s/files/1/0824/5717/files/col2021_Kelly_Large.jpg?v=1614533737,1,,FALSE,Etkie jewelry made in New Mexico,Handmade Native American beaded bracelets,,,,,,,,,,,,,,,,,,active
kelly-small,Kelly Small,ETKIE bracelets are hand-beaded in collaboration with talented Navajo artisans in New Mexico.,ETKIE,bracelet,Dark Skies,TRUE,Title,Default Title,,,,,,250,,deny,manual,218,,TRUE,TRUE,,https://cdn.shopify.com/s/files/1/0824/5717/files/col2021_Kelly_Small.jpg?v=1614533695,1,,FALSE,Etkie jewelry made in New Mexico,Handmade Native American beaded bracelets,,,,,,,,,,,,,,,,,,active
lacy-large,Lacy Large,ETKIE bracelets are hand-beaded in collaboration with talented Navajo artisans in New Mexico.,ETKIE,bracelet,Aqua,TRUE,Title,Default Title,,,,,,250,,deny,manual,278,,TRUE,TRUE,,https://cdn.shopify.com/s/files/1/0824/5717/files/col2021_Lacy_Large.jpg?v=1614533738,1,,FALSE,Etkie jewelry made in New Mexico,Handmade Native American beaded bracelets,,,,,,,,,,,,,,,,,,active
lacy-small,Lacy Small,ETKIE bracelets are hand-beaded in collaboration with talented Navajo artisans in New Mexico.,ETKIE,bracelet,Aqua,TRUE,Title,Default Title,,,,,,250,,deny,manual,218,,TRUE,TRUE,,https://cdn.shopify.com/s/files/1/0824/5717/files/col2021_Lacy_Small.jpg?v=1614533692,1,,FALSE,Etkie jewelry made in New Mexico,Handmade Native American beaded bracelets,,,,,,,,,,,,,,,,,,active
laura-large,Laura Large,ETKIE bracelets are hand-beaded in collaboration with talented Navajo artisans in New Mexico.,ETKIE,bracelet,Dark Skies,TRUE,Title,Default Title,,,,,,250,,deny,manual,278,,TRUE,TRUE,,https://cdn.shopify.com/s/files/1/0824/5717/files/col2021_Laura_Large.jpg?v=1614533732,1,,FALSE,Etkie jewelry made in New Mexico,Handmade Native American beaded bracelets,,,,,,,,,,,,,,,,,,active
lolita-large,Lolita Large,ETKIE bracelets are hand-beaded in collaboration with talented Navajo artisans in New Mexico.,ETKIE,bracelet,Dark Skies,TRUE,Title,Default Title,,,,,,250,,deny,manual,278,,TRUE,TRUE,,https://cdn.shopify.com/s/files/1/0824/5717/files/col2021_Lolita_Large.jpg?v=1614533733,1,,FALSE,Etkie jewelry made in New Mexico,Handmade Native American beaded bracelets,,,,,,,,,,,,,,,,,,active
lolita-small,Lolita Small,ETKIE bracelets are hand-beaded in collaboration with talented Navajo artisans in New Mexico.,ETKIE,bracelet,Dark Skies,TRUE,Title,Default Title,,,,,,250,,deny,manual,218,,TRUE,TRUE,,https://cdn.shopify.com/s/files/1/0824/5717/files/col2021_Lolita_Small.jpg?v=1614533695,1,,FALSE,Etkie jewelry made in New Mexico,Handmade Native American beaded bracelets,,,,,,,,,,,,,,,,,,active
maddie-large,Maddie Large,ETKIE bracelets are hand-beaded in collaboration with talented Navajo artisans in New Mexico.,ETKIE,bracelet,Coral,TRUE,Title,Default Title,,,,,,250,,deny,manual,278,,TRUE,TRUE,,https://cdn.shopify.com/s/files/1/0824/5717/files/col2021_Maddie_Large.jpg?v=1614533602,1,,FALSE,Etkie jewelry made in New Mexico,Handmade Native American beaded bracelets,,,,,,,,,,,,,,,,,,active
maddie-small,Maddie Small,ETKIE bracelets are hand-beaded in collaboration with talented Navajo artisans in New Mexico.,ETKIE,bracelet,Coral,TRUE,Title,Default Title,,,,,,250,,deny,manual,218,,TRUE,TRUE,,https://cdn.shopify.com/s/files/1/0824/5717/files/col2021_Maddie_Small.jpg?v=1614533586,1,,FALSE,Etkie jewelry made in New Mexico,Handmade Native American beaded bracelets,,,,,,,,,,,,,,,,,,active
maize-large,Maize Large,ETKIE bracelets are hand-beaded in collaboration with talented Navajo artisans in New Mexico.,ETKIE,bracelet,Bramble,FALSE,Title,Default Title,,,,,,250,,deny,manual,278,,TRUE,TRUE,,https://cdn.shopify.com/s/files/1/0824/5717/files/col2021_Maize_Large.jpg?v=1614533629,1,,FALSE,Etkie jewelry made in New Mexico,Handmade Native American beaded bracelets,,,,,,,,,,,,,,,,,,active
maize-large-seven,Maize Large 7 inch,ETKIE bracelets are hand-beaded in collaboration with talented Navajo artisans in New Mexico.,ETKIE,bracelet,Bramble,FALSE,Title,Default Title,,,,,,250,,deny,manual,288,,TRUE,TRUE,,https://cdn.shopify.com/s/files/1/0824/5717/files/col2021_Maize_Large.jpg?v=1614533629,1,,FALSE,Etkie jewelry made in New Mexico,Handmade Native American beaded bracelets,,,,,,,,,,,,,,,,,,active
maize-small,Maize Small,ETKIE bracelets are hand-beaded in collaboration with talented Navajo artisans in New Mexico.,ETKIE,bracelet,Bramble,FALSE,Title,Default Title,,,,,,250,,deny,manual,218,,TRUE,TRUE,,https://cdn.shopify.com/s/files/1/0824/5717/files/col2021_Maize_Small.jpg?v=1614533602,1,,FALSE,Etkie jewelry made in New Mexico,Handmade Native American beaded bracelets,,,,,,,,,,,,,,,,,,active
maize-small-seven,Maize Small 7 inch,ETKIE bracelets are hand-beaded in collaboration with talented Navajo artisans in New Mexico.,ETKIE,bracelet,Bramble,FALSE,Title,Default Title,,,,,,250,,deny,manual,228,,TRUE,TRUE,,https://cdn.shopify.com/s/files/1/0824/5717/files/col2021_Maize_Small.jpg?v=1614533602,1,,FALSE,Etkie jewelry made in New Mexico,Handmade Native American beaded bracelets,,,,,,,,,,,,,,,,,,active
nora-small,Nora Small,ETKIE bracelets are hand-beaded in collaboration with talented Navajo artisans in New Mexico.,ETKIE,bracelet,Heritage,TRUE,Title,Default Title,,,,,,250,,deny,manual,218,,TRUE,TRUE,,https://cdn.shopify.com/s/files/1/0824/5717/files/col2021_Nora_Small.jpg?v=1614533688,1,,FALSE,Etkie jewelry made in New Mexico,Handmade Native American beaded bracelets,,,,,,,,,,,,,,,,,,active
nova-large,Nova Large,ETKIE bracelets are hand-beaded in collaboration with talented Navajo artisans in New Mexico.,ETKIE,bracelet,Dark Skies,TRUE,Title,Default Title,,,,,,250,,deny,manual,278,,TRUE,TRUE,,https://cdn.shopify.com/s/files/1/0824/5717/files/col2021_Nova_Large.jpg?v=1614533741,1,,FALSE,Etkie jewelry made in New Mexico,Handmade Native American beaded bracelets,,,,,,,,,,,,,,,,,,active
nova-small,Nova Small,ETKIE bracelets are hand-beaded in collaboration with talented Navajo artisans in New Mexico.,ETKIE,bracelet,Dark Skies,TRUE,Title,Default Title,,,,,,250,,deny,manual,218,,TRUE,TRUE,,https://cdn.shopify.com/s/files/1/0824/5717/files/col2021_Nova_Small.jpg?v=1614533696,1,,FALSE,Etkie jewelry made in New Mexico,Handmade Native American beaded bracelets,,,,,,,,,,,,,,,,,,active
ocean-large,Ocean Large,ETKIE bracelets are hand-beaded in collaboration with talented Navajo artisans in New Mexico.,ETKIE,bracelet,Sage,TRUE,Title,Default Title,,,,,,250,,deny,manual,278,,TRUE,TRUE,,https://cdn.shopify.com/s/files/1/0824/5717/files/col2021_Ocean_Large.jpg?v=1614533740,1,,FALSE,Etkie jewelry made in New Mexico,Handmade Native American beaded bracelets,,,,,,,,,,,,,,,,,,active
ocean-small,Ocean Small,ETKIE bracelets are hand-beaded in collaboration with talented Navajo artisans in New Mexico.,ETKIE,bracelet,Sage,TRUE,Title,Default Title,,,,,,250,,deny,manual,218,,TRUE,TRUE,,https://cdn.shopify.com/s/files/1/0824/5717/files/col2021_Ocean_Small.jpg?v=1614533701,1,,FALSE,Etkie jewelry made in New Mexico,Handmade Native American beaded bracelets,,,,,,,,,,,,,,,,,,active
olivia-large,Olivia Large,ETKIE bracelets are hand-beaded in collaboration with talented Navajo artisans in New Mexico.,ETKIE,bracelet,Coral,TRUE,Title,Default Title,,,,,,250,,deny,manual,278,,TRUE,TRUE,,https://cdn.shopify.com/s/files/1/0824/5717/files/col2021_Olivia_Large.jpg?v=1614533604,1,,FALSE,Etkie jewelry made in New Mexico,Handmade Native American beaded bracelets,,,,,,,,,,,,,,,,,,active
olivia-small,Olivia Small,ETKIE bracelets are hand-beaded in collaboration with talented Navajo artisans in New Mexico.,ETKIE,bracelet,Coral,TRUE,Title,Default Title,,,,,,250,,deny,manual,218,,TRUE,TRUE,,https://cdn.shopify.com/s/files/1/0824/5717/files/col2021_Olivia_Small.jpg?v=1614533586,1,,FALSE,Etkie jewelry made in New Mexico,Handmade Native American beaded bracelets,,,,,,,,,,,,,,,,,,active
owen-large,Owen Large,ETKIE bracelets are hand-beaded in collaboration with talented Navajo artisans in New Mexico.,ETKIE,bracelet,Desert,TRUE,Title,Default Title,,,,,,250,,deny,manual,278,,TRUE,TRUE,,https://cdn.shopify.com/s/files/1/0824/5717/files/col2021_Owen_Large.jpg?v=1614533741,1,,FALSE,Etkie jewelry made in New Mexico,Handmade Native American beaded bracelets,,,,,,,,,,,,,,,,,,active
owen-small,Owen Small,ETKIE bracelets are hand-beaded in collaboration with talented Navajo artisans in New Mexico.,ETKIE,bracelet,Desert,TRUE,Title,Default Title,,,,,,250,,deny,manual,218,,TRUE,TRUE,,https://cdn.shopify.com/s/files/1/0824/5717/files/col2021_Owen_Small.jpg?v=1614533703,1,,FALSE,Etkie jewelry made in New Mexico,Handmade Native American beaded bracelets,,,,,,,,,,,,,,,,,,active
paige-large,Paige Large,ETKIE bracelets are hand-beaded in collaboration with talented Navajo artisans in New Mexico.,ETKIE,bracelet,Heritage,TRUE,Title,Default Title,,,,,,250,,deny,manual,278,,TRUE,TRUE,,https://cdn.shopify.com/s/files/1/0824/5717/files/col2021_Paige_Large.jpg?v=1614533738,1,,FALSE,Etkie jewelry made in New Mexico,Handmade Native American beaded bracelets,,,,,,,,,,,,,,,,,,active
paige-small,Paige Small,ETKIE bracelets are hand-beaded in collaboration with talented Navajo artisans in New Mexico.,ETKIE,bracelet,Heritage,TRUE,Title,Default Title,,,,,,250,,deny,manual,218,,TRUE,TRUE,,https://cdn.shopify.com/s/files/1/0824/5717/files/col2021_Paige_Small.jpg?v=1614533695,1,,FALSE,Etkie jewelry made in New Mexico,Handmade Native American beaded bracelets,,,,,,,,,,,,,,,,,,active
phoenix-large,Phoenix Large,ETKIE bracelets are hand-beaded in collaboration with talented Navajo artisans in New Mexico.,ETKIE,bracelet,Desert,TRUE,Title,Default Title,,,,,,250,,deny,manual,278,,TRUE,TRUE,,https://cdn.shopify.com/s/files/1/0824/5717/files/col2021_Phoenix_Large.jpg?v=1614533746,1,,FALSE,Etkie jewelry made in New Mexico,Handmade Native American beaded bracelets,,,,,,,,,,,,,,,,,,active
phoenix-small,Phoenix Small,ETKIE bracelets are hand-beaded in collaboration with talented Navajo artisans in New Mexico.,ETKIE,bracelet,Desert,TRUE,Title,Default Title,,,,,,250,,deny,manual,218,,TRUE,TRUE,,https://cdn.shopify.com/s/files/1/0824/5717/files/col2021_Phoenix_Small.jpg?v=1614533705,1,,FALSE,Etkie jewelry made in New Mexico,Handmade Native American beaded bracelets,,,,,,,,,,,,,,,,,,active
pilar-large,Pilar Large,ETKIE bracelets are hand-beaded in collaboration with talented Navajo artisans in New Mexico.,ETKIE,bracelet,Grey Mountain,TRUE,Title,Default Title,,,,,,250,,deny,manual,278,,TRUE,TRUE,,https://cdn.shopify.com/s/files/1/0824/5717/files/col2021_Pilar_Large.jpg?v=1614533628,1,,FALSE,Etkie jewelry made in New Mexico,Handmade Native American beaded bracelets,,,,,,,,,,,,,,,,,,active
pilar-small,Pilar Medium,ETKIE bracelets are hand-beaded in collaboration with talented Navajo artisans in New Mexico.,ETKIE,bracelet,Grey Mountain,TRUE,Title,Default Title,,,,,,250,,deny,manual,248,,TRUE,TRUE,,https://cdn.shopify.com/s/files/1/0824/5717/files/col2021_Pilar_Small.jpg?v=1614533607,1,,FALSE,Etkie jewelry made in New Mexico,Handmade Native American beaded bracelets,,,,,,,,,,,,,,,,,,active
priscilla-grey-large,Priscilla Grey Large,ETKIE bracelets are hand-beaded in collaboration with talented Navajo artisans in New Mexico.,ETKIE,bracelet,Grey Mountain,TRUE,Title,Default Title,,,,,,250,,deny,manual,278,,TRUE,TRUE,,https://cdn.shopify.com/s/files/1/0824/5717/files/col2021_Priscilla_Large.jpg?v=1614533722,1,,FALSE,Etkie jewelry made in New Mexico,Handmade Native American beaded bracelets,,,,,,,,,,,,,,,,,,active
priscilla-grey-x-large,Priscilla Grey X Large,ETKIE bracelets are hand-beaded in collaboration with talented Navajo artisans in New Mexico.,ETKIE,bracelet,Grey Mountain,TRUE,Title,Default Title,,,,,,250,,deny,manual,528,,TRUE,TRUE,,https://cdn.shopify.com/s/files/1/0824/5717/files/col2021_Priscilla_X_Large.jpg?v=1614533752,1,,FALSE,Etkie jewelry made in New Mexico,Handmade Native American beaded bracelets,,,,,,,,,,,,,,,,,,active
priscilla-large,Priscilla Large,ETKIE bracelets are hand-beaded in collaboration with talented Navajo artisans in New Mexico.,ETKIE,bracelet,Red,TRUE,Title,Default Title,,,,,,250,,deny,manual,278,,TRUE,TRUE,,https://cdn.shopify.com/s/files/1/0824/5717/files/col2021_Priscilla_Red_Large.jpg?v=1614533737,1,,FALSE,Etkie jewelry made in New Mexico,Handmade Native American beaded bracelets,,,,,,,,,,,,,,,,,,active
priscilla-x-large,Priscilla X Large,ETKIE bracelets are hand-beaded in collaboration with talented Navajo artisans in New Mexico.,ETKIE,bracelet,Red,TRUE,Title,Default Title,,,,,,250,,deny,manual,528,,TRUE,TRUE,,https://cdn.shopify.com/s/files/1/0824/5717/files/col2021_Priscilla_Red_X_Large.jpg?v=1614533754,1,,FALSE,Etkie jewelry made in New Mexico,Handmade Native American beaded bracelets,,,,,,,,,,,,,,,,,,active
sahara-large,Sahara Large,ETKIE bracelets are hand-beaded in collaboration with talented Navajo artisans in New Mexico.,ETKIE,bracelet,Desert,TRUE,Title,Default Title,,,,,,250,,deny,manual,278,,TRUE,TRUE,,https://cdn.shopify.com/s/files/1/0824/5717/files/col2021_Sahara_Large.jpg?v=1614533745,1,,FALSE,Etkie jewelry made in New Mexico,Handmade Native American beaded bracelets,,,,,,,,,,,,,,,,,,active
sahara-medium,Sahara Medium,ETKIE bracelets are hand-beaded in collaboration with talented Navajo artisans in New Mexico.,ETKIE,bracelet,Desert,TRUE,Title,Default Title,,,,,,250,,deny,manual,248,,TRUE,TRUE,,https://cdn.shopify.com/s/files/1/0824/5717/files/col2021_Sahara_Medium.jpg?v=1614533720,1,,FALSE,Etkie jewelry made in New Mexico,Handmade Native American beaded bracelets,,,,,,,,,,,,,,,,,,active
sienna-large,Sienna Large,ETKIE bracelets are hand-beaded in collaboration with talented Navajo artisans in New Mexico.,ETKIE,bracelet,Heritage,TRUE,Title,Default Title,,,,,,250,,deny,manual,278,,TRUE,TRUE,,https://cdn.shopify.com/s/files/1/0824/5717/files/col2021_Sienna_Large.jpg?v=1614533729,1,,FALSE,Etkie jewelry made in New Mexico,Handmade Native American beaded bracelets,,,,,,,,,,,,,,,,,,active
sienna-small,Sienna Small,ETKIE bracelets are hand-beaded in collaboration with talented Navajo artisans in New Mexico.,ETKIE,bracelet,Heritage,TRUE,Title,Default Title,,,,,,250,,deny,manual,218,,TRUE,TRUE,,https://cdn.shopify.com/s/files/1/0824/5717/files/col2021_Sienna_Small.jpg?v=1614533684,1,,FALSE,Etkie jewelry made in New Mexico,Handmade Native American beaded bracelets,,,,,,,,,,,,,,,,,,active
special-edition-to-small,Special Edition: Tó Small,ETKIE bracelets are hand-beaded in collaboration with talented Navajo artisans in New Mexico.,ETKIE,bracelet,Aqua,TRUE,Title,Default Title,,,,,,250,,deny,manual,218,,TRUE,TRUE,,https://cdn.shopify.com/s/files/1/0824/5717/files/col2021_To_Small.jpg?v=1614533745,1,,FALSE,Etkie jewelry made in New Mexico,Handmade Native American beaded bracelets,,,,,,,,,,,,,,,,,,active
special-edition-to-x-large,Special Edition: Tó X Large,ETKIE bracelets are hand-beaded in collaboration with talented Navajo artisans in New Mexico.,ETKIE,bracelet,Aqua,TRUE,Title,Default Title,,,,,,250,,deny,manual,528,,TRUE,TRUE,,https://cdn.shopify.com/s/files/1/0824/5717/files/col2021_To_X_Large.jpg?v=1614533625,1,,FALSE,Etkie jewelry made in New Mexico,Handmade Native American beaded bracelets,,,,,,,,,,,,,,,,,,active
stella-large,Stella Large,ETKIE bracelets are hand-beaded in collaboration with talented Navajo artisans in New Mexico.,ETKIE,bracelet,Desert,TRUE,Title,Default Title,,,,,,250,,deny,manual,278,,TRUE,TRUE,,https://cdn.shopify.com/s/files/1/0824/5717/files/col2021_Stella_Large.jpg?v=1614533744,1,,FALSE,Etkie jewelry made in New Mexico,Handmade Native American beaded bracelets,,,,,,,,,,,,,,,,,,active
stella-small,Stella Small,ETKIE bracelets are hand-beaded in collaboration with talented Navajo artisans in New Mexico.,ETKIE,bracelet,Desert,TRUE,Title,Default Title,,,,,,250,,deny,manual,218,,TRUE,TRUE,,https://cdn.shopify.com/s/files/1/0824/5717/files/col2021_Stella_Small.jpg?v=1614533705,1,,FALSE,Etkie jewelry made in New Mexico,Handmade Native American beaded bracelets,,,,,,,,,,,,,,,,,,active
summer-large,Summer Large,ETKIE bracelets are hand-beaded in collaboration with talented Navajo artisans in New Mexico.,ETKIE,bracelet,Sage,TRUE,Title,Default Title,,,,,,250,,deny,manual,278,,TRUE,TRUE,,https://cdn.shopify.com/s/files/1/0824/5717/files/col2021_Summer_Large.jpg?v=1614533726,1,,FALSE,Etkie jewelry made in New Mexico,Handmade Native American beaded bracelets,,,,,,,,,,,,,,,,,,active
summer-small,Summer Small,ETKIE bracelets are hand-beaded in collaboration with talented Navajo artisans in New Mexico.,ETKIE,bracelet,Sage,TRUE,Title,Default Title,,,,,,250,,deny,manual,218,,TRUE,TRUE,,https://cdn.shopify.com/s/files/1/0824/5717/files/col2021_Summer_Small.jpg?v=1614533679,1,,FALSE,Etkie jewelry made in New Mexico,Handmade Native American beaded bracelets,,,,,,,,,,,,,,,,,,active
tai-large,Tai Large,ETKIE bracelets are hand-beaded in collaboration with talented Navajo artisans in New Mexico.,ETKIE,bracelet,Aqua,TRUE,Title,Default Title,,,,,,250,,deny,manual,278,,TRUE,TRUE,,https://cdn.shopify.com/s/files/1/0824/5717/files/col2021_Tai_Large.jpg?v=1614533743,1,,FALSE,Etkie jewelry made in New Mexico,Handmade Native American beaded bracelets,,,,,,,,,,,,,,,,,,active
tai-medium,Tai Medium,ETKIE bracelets are hand-beaded in collaboration with talented Navajo artisans in New Mexico.,ETKIE,bracelet,Aqua,TRUE,Title,Default Title,,,,,,250,,deny,manual,248,,TRUE,TRUE,,https://cdn.shopify.com/s/files/1/0824/5717/files/col2021_Tai_Medium.jpg?v=1614533700,1,,FALSE,Etkie jewelry made in New Mexico,Handmade Native American beaded bracelets,,,,,,,,,,,,,,,,,,active
tallulah-large,Tallulah Large,ETKIE bracelets are hand-beaded in collaboration with talented Navajo artisans in New Mexico.,ETKIE,bracelet,Dark Skies,TRUE,Title,Default Title,,,,,,250,,deny,manual,278,,TRUE,TRUE,,https://cdn.shopify.com/s/files/1/0824/5717/files/col2021_Thunderbird_Large.jpg?v=1614533739,1,,FALSE,Etkie jewelry made in New Mexico,Handmade Native American beaded bracelets,,,,,,,,,,,,,,,,,,active
tallulah-small,Tallulah Small,ETKIE bracelets are hand-beaded in collaboration with talented Navajo artisans in New Mexico.,ETKIE,bracelet,Dark Skies,TRUE,Title,Default Title,,,,,,250,,deny,manual,218,,TRUE,TRUE,,https://cdn.shopify.com/s/files/1/0824/5717/files/col2021_Thunderbird_Small.jpg?v=1614533701,1,,FALSE,Etkie jewelry made in New Mexico,Handmade Native American beaded bracelets,,,,,,,,,,,,,,,,,,active
tess-large,Tess Large,ETKIE bracelets are hand-beaded in collaboration with talented Navajo artisans in New Mexico.,ETKIE,bracelet,Aqua,TRUE,Title,Default Title,,,,,,250,,deny,manual,278,,TRUE,TRUE,,https://cdn.shopify.com/s/files/1/0824/5717/files/col2021_Tess_Large.jpg?v=1614533735,1,,FALSE,Etkie jewelry made in New Mexico,Handmade Native American beaded bracelets,,,,,,,,,,,,,,,,,,active
tess-small,Tess Small,ETKIE bracelets are hand-beaded in collaboration with talented Navajo artisans in New Mexico.,ETKIE,bracelet,Aqua,TRUE,Title,Default Title,,,,,,250,,deny,manual,218,,TRUE,TRUE,,https://cdn.shopify.com/s/files/1/0824/5717/files/col2021_Tess_Small.jpg?v=1614533694,1,,FALSE,Etkie jewelry made in New Mexico,Handmade Native American beaded bracelets,,,,,,,,,,,,,,,,,,active
theo-large,Theo Large,ETKIE bracelets are hand-beaded in collaboration with talented Navajo artisans in New Mexico.,ETKIE,bracelet,Aqua,TRUE,Title,Default Title,,,,,,250,,deny,manual,278,,TRUE,TRUE,,https://cdn.shopify.com/s/files/1/0824/5717/files/col2021_Theo_Large.jpg?v=1614533738,1,,FALSE,Etkie jewelry made in New Mexico,Handmade Native American beaded bracelets,,,,,,,,,,,,,,,,,,active
theo-small,Theo Small,ETKIE bracelets are hand-beaded in collaboration with talented Navajo artisans in New Mexico.,ETKIE,bracelet,Aqua,TRUE,Title,Default Title,,,,,,250,,deny,manual,218,,TRUE,TRUE,,https://cdn.shopify.com/s/files/1/0824/5717/files/col2021_Theo_Small.jpg?v=1614533685,1,,FALSE,Etkie jewelry made in New Mexico,Handmade Native American beaded bracelets,,,,,,,,,,,,,,,,,,active
tia-large,Tia Large,ETKIE bracelets are hand-beaded in collaboration with talented Navajo artisans in New Mexico.,ETKIE,bracelet,Aqua,TRUE,Title,Default Title,,,,,,250,,deny,manual,278,,TRUE,TRUE,,https://cdn.shopify.com/s/files/1/0824/5717/files/col2021_Tia_Large.jpg?v=1614533740,1,,FALSE,Etkie jewelry made in New Mexico,Handmade Native American beaded bracelets,,,,,,,,,,,,,,,,,,active
tia-small,Tia Small,ETKIE bracelets are hand-beaded in collaboration with talented Navajo artisans in New Mexico.,ETKIE,bracelet,Aqua,TRUE,Title,Default Title,,,,,,250,,deny,manual,218,,TRUE,TRUE,,https://cdn.shopify.com/s/files/1/0824/5717/files/col2021_Tia_Small.jpg?v=1614533694,1,,FALSE,Etkie jewelry made in New Mexico,Handmade Native American beaded bracelets,,,,,,,,,,,,,,,,,,active
tierra-large,Tierra Large,ETKIE bracelets are hand-beaded in collaboration with talented Navajo artisans in New Mexico.,ETKIE,bracelet,Aqua,TRUE,Title,Default Title,,,,,,250,,deny,manual,278,,TRUE,TRUE,,https://cdn.shopify.com/s/files/1/0824/5717/files/col2021_Tierra_Large.jpg?v=1614533735,1,,FALSE,Etkie jewelry made in New Mexico,Handmade Native American beaded bracelets,,,,,,,,,,,,,,,,,,active
tierra-small,Tierra Small,ETKIE bracelets are hand-beaded in collaboration with talented Navajo artisans in New Mexico.,ETKIE,bracelet,Aqua,TRUE,Title,Default Title,,,,,,250,,deny,manual,218,,TRUE,TRUE,,https://cdn.shopify.com/s/files/1/0824/5717/files/col2021_Tierra_Small.jpg?v=1614533690,1,,FALSE,Etkie jewelry made in New Mexico,Handmade Native American beaded bracelets,,,,,,,,,,,,,,,,,,active
torian-large,Torian Large,ETKIE bracelets are hand-beaded in collaboration with talented Navajo artisans in New Mexico.,ETKIE,bracelet,Aqua,TRUE,Title,Default Title,,,,,,250,,deny,manual,278,,TRUE,TRUE,,https://cdn.shopify.com/s/files/1/0824/5717/files/col2021_Torian_Large.jpg?v=1614533740,1,,FALSE,Etkie jewelry made in New Mexico,Handmade Native American beaded bracelets,,,,,,,,,,,,,,,,,,active
torian-small,Torian Small,ETKIE bracelets are hand-beaded in collaboration with talented Navajo artisans in New Mexico.,ETKIE,bracelet,Aqua,TRUE,Title,Default Title,,,,,,250,,deny,manual,218,,TRUE,TRUE,,https://cdn.shopify.com/s/files/1/0824/5717/files/col2021_Torian_Small.jpg?v=1614533702,1,,FALSE,Etkie jewelry made in New Mexico,Handmade Native American beaded bracelets,,,,,,,,,,,,,,,,,,active
val-large,Val Large,ETKIE bracelets are hand-beaded in collaboration with talented Navajo artisans in New Mexico.,ETKIE,bracelet,Red,TRUE,Title,Default Title,,,,,,250,,deny,manual,278,,TRUE,TRUE,,https://cdn.shopify.com/s/files/1/0824/5717/files/col2021_Val_Large.jpg?v=1614533741,1,,FALSE,Etkie jewelry made in New Mexico,Handmade Native American beaded bracelets,,,,,,,,,,,,,,,,,,active
val-small,Val Small,ETKIE bracelets are hand-beaded in collaboration with talented Navajo artisans in New Mexico.,ETKIE,bracelet,Red,TRUE,Title,Default Title,,,,,,250,,deny,manual,218,,TRUE,TRUE,,https://cdn.shopify.com/s/files/1/0824/5717/files/col2021_Val_Small.jpg?v=1614533703,1,,FALSE,Etkie jewelry made in New Mexico,Handmade Native American beaded bracelets,,,,,,,,,,,,,,,,,,active
willa-small,Willa Small,ETKIE bracelets are hand-beaded in collaboration with talented Navajo artisans in New Mexico.,ETKIE,bracelet,Dark Skies,TRUE,Title,Default Title,,,,,,250,,deny,manual,218,,TRUE,TRUE,,https://cdn.shopify.com/s/files/1/0824/5717/files/col2021_Willa_Small.jpg?v=1614533694,1,,FALSE,Etkie jewelry made in New Mexico,Handmade Native American beaded bracelets,,,,,,,,,,,,,,,,,,active
winter-large,Winter Large,ETKIE bracelets are hand-beaded in collaboration with talented Navajo artisans in New Mexico.,ETKIE,bracelet,Grey Mountain,TRUE,Title,Default Title,,,,,,250,,deny,manual,278,,TRUE,TRUE,,https://cdn.shopify.com/s/files/1/0824/5717/files/col2021_Winter_Large.jpg?v=1614533631,1,,FALSE,Etkie jewelry made in New Mexico,Handmade Native American beaded bracelets,,,,,,,,,,,,,,,,,,active
winter-small,Winter Small,ETKIE bracelets are hand-beaded in collaboration with talented Navajo artisans in New Mexico.,ETKIE,bracelet,Grey Mountain,TRUE,Title,Default Title,,,,,,250,,deny,manual,218,,TRUE,TRUE,,https://cdn.shopify.com/s/files/1/0824/5717/files/col2021_Winter_Small.jpg?v=1614533608,1,,FALSE,Etkie jewelry made in New Mexico,Handmade Native American beaded bracelets,,,,,,,,,,,,,,,,,,active
wren-large,Wren Large,ETKIE bracelets are hand-beaded in collaboration with talented Navajo artisans in New Mexico.,ETKIE,bracelet,Heritage,TRUE,Title,Default Title,,,,,,250,,deny,manual,278,,TRUE,TRUE,,https://cdn.shopify.com/s/files/1/0824/5717/files/col2021_Wren_Large.jpg?v=1614533740,1,,FALSE,Etkie jewelry made in New Mexico,Handmade Native American beaded bracelets,,,,,,,,,,,,,,,,,,active
wren-red-large,Wren Red Large,ETKIE bracelets are hand-beaded in collaboration with talented Navajo artisans in New Mexico.,ETKIE,bracelet,Red,TRUE,Title,Default Title,,,,,,250,,deny,manual,278,,TRUE,TRUE,,https://cdn.shopify.com/s/files/1/0824/5717/files/col2021_Wren_Red_Large.jpg?v=1614533743,1,,FALSE,Etkie jewelry made in New Mexico,Handmade Native American beaded bracelets,,,,,,,,,,,,,,,,,,active
wren-red-x-large,Wren Red X Large,ETKIE bracelets are hand-beaded in collaboration with talented Navajo artisans in New Mexico.,ETKIE,bracelet,Red,TRUE,Title,Default Title,,,,,,250,,deny,manual,528,,TRUE,TRUE,,https://cdn.shopify.com/s/files/1/0824/5717/files/col2021_Wren_Red_X_Large.jpg?v=1614533754,1,,FALSE,Etkie jewelry made in New Mexico,Handmade Native American beaded bracelets,,,,,,,,,,,,,,,,,,active
zara-large,Zara Large,ETKIE bracelets are hand-beaded in collaboration with talented Navajo artisans in New Mexico.,ETKIE,bracelet,Dark Skies,TRUE,Title,Default Title,,,,,,250,,deny,manual,278,,TRUE,TRUE,,https://cdn.shopify.com/s/files/1/0824/5717/files/col2021_Zara_Large.jpg?v=1614533741,1,,FALSE,Etkie jewelry made in New Mexico,Handmade Native American beaded bracelets,,,,,,,,,,,,,,,,,,active
zara-small,Zara Small,ETKIE bracelets are hand-beaded in collaboration with talented Navajo artisans in New Mexico.,ETKIE,bracelet,Dark Skies,TRUE,Title,Default Title,,,,,,250,,deny,manual,218,,TRUE,TRUE,,https://cdn.shopify.com/s/files/1/0824/5717/files/Zara_Glass_Cuff_S_Front.jpg?v=1521834852,1,,FALSE,Etkie jewelry made in New Mexico,Handmade Native American beaded bracelets,,,,,,,,,,,,,,,,,,active
zayla-large,Zayla Large,ETKIE bracelets are hand-beaded in collaboration with talented Navajo artisans in New Mexico.,ETKIE,bracelet,Grey Mountain,TRUE,Title,Default Title,,,,,,250,,deny,manual,278,,TRUE,TRUE,,https://cdn.shopify.com/s/files/1/0824/5717/files/col2021_ZaylaLarge_LoRes.jpg?v=1614533629,1,,FALSE,Etkie jewelry made in New Mexico,Handmade Native American beaded bracelets,,,,,,,,,,,,,,,,,,active
zayla-small,Zayla Small,ETKIE bracelets are hand-beaded in collaboration with talented Navajo artisans in New Mexico.,ETKIE,bracelet,Grey Mountain,TRUE,Title,Default Title,,,,,,250,,deny,manual,218,,TRUE,TRUE,,https://cdn.shopify.com/s/files/1/0824/5717/files/col2021_Zayla_Small.jpg?v=1614533604,1,,FALSE,Etkie jewelry made in New Mexico,Handmade Native American beaded bracelets,,,,,,,,,,,,,,,,,,active