Assembly,Component,Quantity,Notes
Drew Glass Cuff Small,Stamped Leather Cuff Small,1,
,Beads - Gray 15-377H,0.85,
,Beads - Dark Gray 15-368A,0.85,
,Labor for Small Cuff,1,
,Beads - Gold 15-4202,0.85,
,Beads - Silver 15-4201,0.85,
,"Glue - Aleene's, 8 oz",0.0005,
,Thread - Nymo Nylon White Size B,0.0005,
,Thread - Nymo White Size D,0.00442,
Stamped Leather Cuff Small,"Glue - Aleene's, 8 oz",0.0005,
,Leather - Cowhide,0.05443,
,Copper Strip - Small Bracelet,1,
,Labor for Stamped Cuff,1,
Drew Glass Cuff Large,Beads - Gray 15-377H,1.5,
,Beads - Dark Gray 15-368A,1.5,
,Beads - Gold 15-4202,1.5,
,Beads - Silver 15-4201,1.5,
,Stamped Leather Cuff Large,1,
,Labor for Large Cuff,1,
,"Glue - Aleene's, 8 oz",0.0005,
,Thread - Nymo Nylon White Size B,0.0018,
,Thread - Nymo White Size D,0.00694,
Stamped Leather Cuff Large,"Glue - Aleene's, 8 oz",0.0005,
,Leather - Cowhide,0.08403,
,Copper Strip - Large Bracelet,1,
,Labor for Stamped Cuff,1,
Andrea Glass Cuff Small,Stamped Leather Cuff Small,1,
,"Glue - Aleene's, 8 oz",0.0005,
,Labor for Small Cuff,1,
,Beads - Gold 15-4202,0.95,
,Beads - Silver 15-4201,1.22,
,Beads - Dark Gray 15-377N,0.95,
,Beads - Gray 15-1866,0.27,
,Thread - Nymo Nylon White Size B,0.0005,
,Thread - Nymo White Size D,0.00442,
Andrea Glass Cuff Large,"Glue - Aleene's, 8 oz",0.0005,
,Beads - Gold 15-4202,1.8,
,Beads - Silver 15-4201,1.98,
,Stamped Leather Cuff Large,1,
,Labor for Large Cuff,1,
,Beads - Gray 15-1866,0.42,
,Beads - Dark Gray 15-377N,1.8,
,Thread - Nymo Nylon White Size B,0.0018,
,Thread - Nymo White Size D,0.00694,
Coco Glass Cuff Small,Stamped Leather Cuff Small,1,
,"Glue - Aleene's, 8 oz",0.0005,
,Labor for Small Cuff,1,
,Beads - Gold 15-4202,0.85,
,Beads - Silver 15-4201,0.85,
,Beads - Dark Gray 15-377N,0.85,
,Beads - Black 15-401,0.85,
,Thread - Nymo Nylon White Size B,0.0005,
,Thread - Nymo White Size D,0.00442,
Coco Glass Cuff Large,"Glue - Aleene's, 8 oz",0.0005,
,Beads - Gold 15-4202,1.5,
,Beads - Silver 15-4201,1.5,
,Stamped Leather Cuff Large,1,
,Labor for Large Cuff,1,
,Beads - Black 15-401,1.5,
,Beads - Dark Gray 15-377N,1.5,
,Thread - Nymo Nylon White Size B,0.0018,
,Thread - Nymo White Size D,0.00694,
Dakota Glass Cuff Small,Stamped Leather Cuff Small,1,
,Labor for Small Cuff,1,
,Beads - Silver 15-4201,1.71,
,Beads - Dark Gray 15-377N,0.85,
,Beads - Black 15-401,0.85,
,"Glue - Aleene's, 8 oz",0.0005,
,Thread - Nymo Nylon White Size B,0.0005,
,Thread - Nymo White Size D,0.00442,
Fern Glass Cuff Small,Labor for Small Cuff,1,
,Stamped Leather Cuff Small,1,
,Beads - 13/0 Charlotte Cut - Light Green Pearl,0.85,
,Beads - 13/0 Charlotte Cut - Teal Opaque Iris,0.85,
,Beads - Gold 15-4202,0.85,
,Beads - Silver 15-4201,0.85,
,"Glue - Aleene's, 8 oz",0.0005,
,Thread - Nymo Nylon White Size B,0.0005,
,Thread - Nymo White Size D,0.00442,
Fern Glass Cuff Large,Labor for Large Cuff,1,
,Stamped Leather Cuff Large,1,
,Beads - 13/0 Charlotte Cut - Light Green Pearl,4,
,Beads - 13/0 Charlotte Cut - Teal Opaque Iris,4,
,Beads - Gold 15-4202,4,
,Beads - Silver 15-4201,4,
,"Glue - Aleene's, 8 oz",0.0005,
,Thread - Nymo Nylon White Size B,0.0018,
,Thread - Nymo White Size D,0.00694,
Fiona Glass Cuff Small,Labor for Small Cuff,1,
,Stamped Leather Cuff Small,1,
,Beads - Gold 15-4202,0.68,
,Beads - Silver 15-4201,1.71,
,Beads - Turquoise 15-374,1.02,
,"Glue - Aleene's, 8 oz",0.0005,
,Thread - Nymo Nylon White Size B,0.0005,
,Thread - Nymo White Size D,0.00442,
Fiona Glass Cuff Large,Labor for Large Cuff,1,
,Stamped Leather Cuff Large,1,
,Beads - Gold 15-4202,1.2,
,Beads - Silver 15-4201,3,
,Beads - Turquoise 15-374,1.8,
,"Glue - Aleene's, 8 oz",0.0005,
,Thread - Nymo Nylon White Size B,0.0018,
,Thread - Nymo White Size D,0.00694,
Grace Glass Cuff Small,Labor for Small Cuff,1,
,Stamped Leather Cuff Small,1,
,Beads - Silver 15-4201,0.85,
,Beads - Gray 15-1866,1.71,
,Beads - Blue 15-399H,0.51,
,Beads - Brown 15-377D,0.34,
,"Glue - Aleene's, 8 oz",0.0005,
,Thread - Nymo Nylon White Size B,0.0005,
,Thread - Nymo White Size D,0.00442,
Grace Glass Cuff Large,Labor for Large Cuff,1,
,Stamped Leather Cuff Large,1,
,Beads - Gray 15-1866,3.6,
,Beads - Silver 15-4201,0.9,
,Beads - Blue 15-399H,0.9,
,Beads - Brown 15-377D,0.6,
,"Glue - Aleene's, 8 oz",0.0005,
,Thread - Nymo Nylon White Size B,0.0018,
,Thread - Nymo White Size D,0.00694,
Harlow Glass Cuff Small,Labor for Small Cuff,1,
,Stamped Leather Cuff Small,1,
,Beads - Silver 15-4201,1.71,
,Beads - Dark Gray 15-377N,1.02,
,Beads - Black 15-401,0.68,
,"Glue - Aleene's, 8 oz",0.0005,
,Thread - Nymo Nylon White Size B,0.0005,
,Thread - Nymo White Size D,0.00442,
Harlow Glass Cuff Large,Labor for Large Cuff,1,
,Stamped Leather Cuff Large,1,
,Beads - Silver 15-4201,3.3,
,Beads - Dark Gray 15-377N,1.5,
,Beads - Black 15-401,1.2,
,"Glue - Aleene's, 8 oz",0.0005,
,Thread - Nymo Nylon White Size B,0.0018,
,Thread - Nymo White Size D,0.00694,
Ivy Glass Cuff Small,Labor for Small Cuff,1,
,Stamped Leather Cuff Small,1,
,"Glue - Aleene's, 8 oz",0.0005,
,Beads - Gold 15-4202,1,
,Beads - Silver 15-4201,1,
,Beads - 13/0 Charlotte Cut - Teal Opaque Iris,1,
Lacy Glass Cuff Small,Labor for Small Cuff,1,
,Stamped Leather Cuff Small,1,
,Beads - Gold 15-4202,0.85,
,Beads - Green 15-375A,0.85,
,Beads - Turquoise 15-374,0.85,
,Beads - Yellow Green 722,0.85,
,"Glue - Aleene's, 8 oz",0.0005,
,Thread - Nymo Nylon White Size B,0.0005,
,Thread - Nymo White Size D,0.00442,
Lacy Glass Cuff Large,Labor for Large Cuff,1,
,Stamped Leather Cuff Large,1,
,Beads - Gold 15-4202,1.5,
,Beads - Yellow Green 722,1.5,
,Beads - Turquoise 15-374,1.5,
,Beads - Green 15-375A,1.5,
,"Glue - Aleene's, 8 oz",0.0005,
,Thread - Nymo Nylon White Size B,0.0018,
,Thread - Nymo White Size D,0.00694,
Laura Glass Cuff Large,Labor for Large Cuff,1,
,Stamped Leather Cuff Large,1,
,Beads - Black 15-401,3.9,
,Beads - Silver 15-4201,1.5,
,Beads - White 15-420,0.6,
,"Glue - Aleene's, 8 oz",0.0005,
,Thread - Nymo Nylon White Size B,0.0018,
,Thread - Nymo White Size D,0.00694,
Lina Glass Cuff Small,Labor for Small Cuff,1,
,Stamped Leather Cuff Small,1,
,Beads - Gold 15-4202,1.02,
,Beads - Silver 15-4201,1.71,
,Beads - Gray 15-1866,0.68,
,"Glue - Aleene's, 8 oz",0.0005,
,Thread - Nymo Nylon White Size B,0.0005,
,Thread - Nymo White Size D,0.00442,
Lina Glass Cuff Large,Labor for Large Cuff,1,
,Stamped Leather Cuff Large,1,
,Beads - Silver 15-4201,3,
,Beads - Gold 15-4202,1.8,
,Beads - Gray 15-1866,1.2,
,"Glue - Aleene's, 8 oz",0.0005,
,Thread - Nymo Nylon White Size B,0.0018,
,Thread - Nymo White Size D,0.00694,
Lolita Glass Cuff Small,Labor for Small Cuff,1,
,Stamped Leather Cuff Small,1,
,Beads - Black 15-401,2.56,
,Beads - Silver 15-4201,0.44,
,Beads - Dark Gray 15-377N,0.41,
,"Glue - Aleene's, 8 oz",0.0005,
,Thread - Nymo Nylon White Size B,0.0005,
,Thread - Nymo White Size D,0.00442,
Lolita Glass Cuff Large,Labor for Large Cuff,1,
,Stamped Leather Cuff Large,1,
,Beads - Black 15-401,4.8,
,Beads - Silver 15-4201,0.6,
,Beads - Dark Gray 15-377N,0.6,
,"Glue - Aleene's, 8 oz",0.0005,
,Thread - Nymo Nylon White Size B,0.0018,
,Thread - Nymo White Size D,0.00694,
Nora Glass Cuff Small,Labor for Small Cuff,1,
,Stamped Leather Cuff Small,1,
,Beads - Silver 15-4201,2.22,
,Beads - Blue 15-399H,0.34,
,Beads - Dark Gray 15-377N,0.51,
,Beads - Gold 15-4202,0.34,
,"Glue - Aleene's, 8 oz",0.0005,
,Thread - Nymo Nylon White Size B,0.0005,
,Thread - Nymo White Size D,0.00442,
Paige Glass Cuff Small,Labor for Small Cuff,1,
,Stamped Leather Cuff Small,1,
,Beads - Silver 15-4201,1.87,
,Beads - Gold 15-4202,0.68,
,Beads - Gray 15-377H,0.85,
,"Glue - Aleene's, 8 oz",0.0005,
,Thread - Nymo Nylon White Size B,0.0005,
,Thread - Nymo White Size D - bobbin,0.00442,
Paige Glass Cuff Large,Labor for Large Cuff,1,
,Stamped Leather Cuff Large,1,
,Beads - Silver 15-4201,3.3,
,Beads - Dark Gray 15-377N,1.5,
,Beads - Gold 15-4202,1.2,
,"Glue - Aleene's, 8 oz",0.0005,
,Thread - Nymo Nylon White Size B,0.0018,
,Thread - Nymo White Size D,0.00694,
Sienna Glass Cuff Small,Labor for Small Cuff,1,
,Stamped Leather Cuff Small,1,
,Beads - Silver 15-4201,1.02,
,Beads - Blue 15-399H,0.68,
,Beads - Gray 15-1866,1.71,
,"Glue - Aleene's, 8 oz",0.0005,
,Thread - Nymo Nylon White Size B,0.0005,
,Thread - Nymo White Size D,0.00442,
Sienna Glass Cuff Large,Labor for Large Cuff,1,
,Stamped Leather Cuff Large,1,
,Beads - Silver 15-4201,1.8,
,Beads - Blue 15-399H,1.2,
,Beads - Gray 15-1866,3,
,"Glue - Aleene's, 8 oz",0.0005,
,Thread - Nymo Nylon White Size B,0.0018,
,Thread - Nymo White Size D,0.00694,
Stella Glass Cuff Small,Labor for Small Cuff,1,
,Stamped Leather Cuff Small,1,
,Beads - Gold 15-4202,0.85,
,Beads - Silver 15-4201,1.71,
,Beads - 13/0 Charlotte Cut - Brown Iris,0.85,
,"Glue - Aleene's, 8 oz",0.0005,
,Thread - Nymo Nylon White Size B,0.0005,
,Thread - Nymo White Size D,0.00442,
Thunderbird Glass Cuff Small,Labor for Small Cuff,1,
,Stamped Leather Cuff Small,1,
,Beads - Silver 15-4201,1.71,
,Beads - Gold 15-4202,0.85,
,Beads - 13/0 Charlotte Cut - Brown Iris,0.85,
,"Glue - Aleene's, 8 oz",0.0005,
,Thread - Nymo Nylon White Size B,0.0005,
,Thread - Nymo White Size D,0.00442,
Willow Glass Cuff Small,Stamped Leather Cuff Small,1,
,Labor for Small Cuff,1,
,Beads - 13/0 Charlotte Cut - Teal Opaque Iris,0.68,
,Beads - 13/0 Charlotte Cut - Light Green Pearl,0.68,
,Beads - Gold 15-4202,2.05,
,"Glue - Aleene's, 8 oz",0.0005,
,Thread - Nymo Nylon White Size B,0.0005,
,Thread - Nymo White Size D,0.00442,
Willow Glass Cuff Large,Stamped Leather Cuff Large,1,
,Labor for Large Cuff,1,
,Beads - Gold 15-4202,3.6,
,Beads - 13/0 Charlotte Cut - Teal Opaque Iris,1.2,
,Beads - 13/0 Charlotte Cut - Light Green Pearl,1.2,
,"Glue - Aleene's, 8 oz",0.0005,
,Thread - Nymo Nylon White Size B,0.0018,
,Thread - Nymo White Size D,0.00694,
Willa Glass Cuff Small,Labor for Small Cuff,1,
,Stamped Leather Cuff Small,1,
,Beads - Silver 15-4201,2.39,
,Beads - Gold 15-4202,0.41,
,Beads - Black 15-401,0.34,
,Beads - Dark Gray 15-377N,0.27,
,"Glue - Aleene's, 8 oz",0.0005,
,Thread - Nymo Nylon White Size B,0.0005,
,Thread - Nymo White Size D,0.00442,
Willa Glass Cuff Large,Labor for Large Cuff,1,
,Stamped Leather Cuff Large,1,
,Beads - Silver 15-4201,3.9,
,Beads - Black 15-401,0.6,
,Beads - Dark Gray 15-377N,0.6,
,Beads - Gold 15-4202,0.9,
,"Glue - Aleene's, 8 oz",0.0005,
,Thread - Nymo Nylon White Size B,0.0018,
,Thread - Nymo White Size D,0.00694,
Zara Glass Cuff Small,Labor for Small Cuff,1,
,Stamped Leather Cuff Small,1,
,Beads - Silver 15-4201,0.34,
,Beads - Gold 15-4202,0.34,
,Beads - Dark Gray 15-377N,2.22,
,Beads - Black 15-401,0.51,
,"Glue - Aleene's, 8 oz",0.0005,
,Thread - Nymo Nylon White Size B,0.0005,
,Thread - Nymo White Size D,0.00442,
Zara Glass Cuff Large,Labor for Large Cuff,1,
,Stamped Leather Cuff Large,1,
,Beads - Dark Gray 15-377N,4.2,
,Beads - Black 15-401,0.9,
,Beads - Silver 15-4201,0.6,
,Beads - Gold 15-4202,0.3,
,"Glue - Aleene's, 8 oz",0.0005,
,Thread - Nymo Nylon White Size B,0.0018,
,Thread - Nymo White Size D,0.00694,
Aasha Glass Cuff Small,Stamped Leather Cuff Small,1,
,Labor for Small Cuff,1,
,Beads - Brown 15-377D,1.15,
,Beads - Brown 378,1.13,
,Beads - Gold 15-4202,1.13,
,"Glue - Aleene's, 8 oz",0.0005,
,Thread - Nymo Nylon White Size B,0.0005,
,Thread - Nymo White Size D,0.00442,
Aasha Glass Cuff Large,Stamped Leather Cuff Large,1,
,Labor for Large Cuff,1,
,Beads - Brown 15-377D,2,
,Beads - Gold 15-4202,2,
,Beads - Brown 378,2,
,"Glue - Aleene's, 8 oz",0.0005,
,Thread - Nymo Nylon White Size B,0.0018,
,Thread - Nymo White Size D,0.00694,
Becca Glass Cuff Medium,"Glue - Aleene's, 8 oz",0.0005,
,Stamped Leather Cuff Medium,1,
,Labor for Medium Cuff,1,
,Beads - Berry 15-4208,0.39,
,Beads - Red 15-P489,0.59,
,Beads - Turquoise 15-374,0.74,
,Beads - Silver 15-4201,2.21,
,Beads - Green 15-375A,0.98,
,Thread - Nymo Nylon White Size B,0.0005,
,Thread - Nymo White Size D,0.00442,
Becca Glass Cuff Large,"Glue - Aleene's, 8 oz",0.0005,
,Beads - Silver 15-4201,2.7,
,Stamped Leather Cuff Large,1,
,Labor for Large Cuff,1,
,Beads - Berry 15-4208,0.48,
,Beads - Red 15-P489,0.72,
,Beads - Turquoise 15-374,0.9,
,Thread - Nymo Nylon White Size B,0.0018,
,Beads - Green 15-375A,1.2,
,Thread - Nymo White Size D,0.00694,
Callie Glass Cuff Small,Stamped Leather Cuff Small,1,
,"Glue - Aleene's, 8 oz",0.0005,
,Labor for Small Cuff,1,
,Beads - Gold 15-4202,0.68,
,Beads - Silver 15-4201,0.03,
,Beads - 13/0 Charlotte Cut - Light Green Pearl,2.22,
,Beads - 13/0 Charlotte Cut - Teal Opaque Iris,0.48,
,Thread - Nymo Nylon White Size B,0.0005,
,Thread - Nymo White Size D,0.00442,
Callie Glass Cuff Large,Stamped Leather Cuff Small,1,
,"Glue - Aleene's, 8 oz",0.0005,
,Labor for Large Cuff,1,
,Beads - Gold 15-4202,0.84,
,Beads - Silver 15-4201,0.06,
,Beads - 13/0 Charlotte Cut - Light Green Pearl,4.5,
,Beads - 13/0 Charlotte Cut - Teal Opaque Iris,0.6,
,Thread - Nymo Nylon White Size B,0.0018,
,Thread - Nymo White Size D,0.00694,
August Glass Cuff Small,Stamped Leather Cuff Small,1,
,"Glue - Aleene's, 8 oz",0.0005,
,Labor for Small Cuff,1,
,Beads - Gold 15-4202,0.68,
,Beads - Silver 15-4201,1.02,
,Beads - 13/0 Charlotte Cut - Teal Opaque Iris,1.36,
,Beads - 13/0 Charlotte Cut - Light Green Pearl,0.34,
,Thread - Nymo Nylon White Size B,0.0005,
,Thread - Nymo White Size D,0.00442,
August Glass Cuff Large,Stamped Leather Cuff Small,1,
,"Glue - Aleene's, 8 oz",0.0005,
,Labor for Large Cuff,1,
,Beads - Gold 15-4202,1.2,
,Beads - Silver 15-4201,1.2,
,Beads - 13/0 Charlotte Cut - Teal Opaque Iris,3,
,Beads - 13/0 Charlotte Cut - Light Green Pearl,0.6,
,Thread - Nymo Nylon White Size B,0.0018,
,Thread - Nymo White Size D,0.00694,
Marian Glass Cuff Small,Labor for Small Cuff,1,
,Stamped Leather Cuff Small,1,
,Beads - Gold 15-4202,1,
,Beads - Silver 15-4201,1,
,Beads - 13/0 Charlotte Cut - Light Blue Opaque,1,
,Beads - 13/0 Charlotte Cut - Cheyenne Pink Opaque,1,
,"Glue - Aleene's, 8 oz",0.0005,
,Thread - Nymo Nylon White Size B,0.0005,
,Thread - Nymo White Size D,0.00442,
Marian Glass Cuff Large,Labor for Large Cuff,1,
,Stamped Leather Cuff Small,1,
,Beads - Gold 15-4202,2,
,Beads - Silver 15-4201,2,
,Beads - 13/0 Charlotte Cut - Light Blue Opaque,2,
,Beads - 13/0 Charlotte Cut - Cheyenne Pink Opaque,2,
,"Glue - Aleene's, 8 oz",0.0005,
,Thread - Nymo Nylon White Size B,0.0018,
,Thread - Nymo White Size D,0.00694,
Winnie Glass Cuff Small,Labor for Small Cuff,1,
,Stamped Leather Cuff Small,1,
,Beads - Silver 15-4201,1,
,Beads - Gold 15-4202,1,
,Beads - 13/0 Charlotte Cut - Light Green Pearl,1,
,Beads - 13/0 Charlotte Cut - Light Blue Opaque,1,
,"Glue - Aleene's, 8 oz",0.0005,
,Thread - Nymo Nylon White Size B,0.0005,
,Thread - Nymo White Size D,0.00442,
Winnie Glass Cuff Large,Labor for Small Cuff,1,
,Stamped Leather Cuff Small,1,
,Beads - Silver 15-4201,1,
,Beads - Gold 15-4202,1,
,Beads - 13/0 Charlotte Cut - Light Green Pearl,1,
,Beads - 13/0 Charlotte Cut - Light Blue Opaque,1,
,"Glue - Aleene's, 8 oz",0.0005,
,Thread - Nymo Nylon White Size B,0.0018,
,Thread - Nymo White Size D,0.00694,
Michelle Luxe Cuff Small,Beads - Gold 15-4202,2,
,Beads - Silver 15-4201,2,
,Leather - Large Bracelet Strip,1,
,Labor for Large Cuff,1,
,Beads - Gray 15-1866,2,
,Beads - Dark Gray 15-377N,2,
,"Glue - Aleene's, 8 oz",0.0005,
,Thread - Nymo Nylon White Size 0,0.00242,
,Thread - Nymo Nylon White Size 00,0.00063,
Sterling Silver Braided Luxe Cuff Small,Labor for Medium Cuff,1,
,Beads - 15/0 Charlotte Czech Gold,0.85,
,Beads - 15/0 Charlotte Czech Silver,1.71,
,Sterling Silver Cuff Bracelet with Rope Edge,1,
,Beads - 15/0 Charlotte Crystal Silver,0.85,
,"Glue - Aleene's, 8 oz",0.0005,
,Thread - Nymo Nylon White Size 0,0.00242,
,Thread - Nymo Nylon White Size 00,0.00063,
Drew Luxe Cuff Small,Stamped Leather Cuff Small,1,
,Beads - 15/0 Charlotte Czech Gold,0.85,
,Beads - 15/0 Charlotte Czech Silver,0.85,
,Labor for Small Luxe Cuff,1,
,Beads - 15/0 Charlotte Bronze,0.85,
,Beads - 15/0 Charlotte Crystal Silver,0.85,
,"Glue - Aleene's, 8 oz",0.0005,
,Thread - Nymo Nylon White Size 0,0.00242,
,Thread - Nymo Nylon White Size 00,0.00063,
Iris Luxe Cuff Small,Stamped Leather Cuff Small,1,
,Beads - 15/0 Charlotte Czech Gold,1.36,
,Beads - 15/0 Charlotte Czech Silver,2.05,
,Labor for Small Luxe Cuff,1,
,"Glue - Aleene's, 8 oz",0.0005,
,Thread - Nymo Nylon White Size 0,0.00242,
,Thread - Nymo Nylon White Size 00,0.00063,
Lily Luxe Bangle Small,Bangle bracelet,1,
,Labor for Double Wrap,1,
,Beads - 15/0 Charlotte Czech Gold,2.25,
,Thread - Nymo Nylon White Size 00,0.00063,
Liv Luxe Bangle Small,Bangle bracelet,1,
,Labor for Small Luxe Cuff,1,
,Beads - 15/0 Charlotte Czech Gold,2,
,Thread - Nymo Nylon White Size 00,0.00063,
Naomi Luxe Cuff Small,Stamped Leather Cuff Small,1,
,Beads - Gray 15-377H,1,
,Beads - Dark Gray 15-368A,1,
,Labor for Small Cuff,1,
,"Glue - Aleene's, 8 oz",0.0005,
,Thread - Nymo Nylon White Size 0,0.00242,
,Thread - Nymo Nylon White Size 00,0.00063,
Thunderbird Luxe Cuff Small,Stamped Leather Cuff Small,1,
,Beads - 15/0 Charlotte Czech Gold,0.68,
,Beads - 15/0 Charlotte Czech Silver,2.05,
,"Glue - Aleene's, 8 oz",0.0005,
,Labor for Small Luxe Cuff,1,
,Beads - 15/0 Charlotte Bronze,0.51,
,Beads - 15/0 Charlotte Crystal Silver,0.17,
,Thread - Nymo Nylon White Size 0,0.00242,
,Thread - Nymo Nylon White Size 00,0.00063,
Drew Luxe Double Wrap,Leather - Large Bracelet Strip,1,
,Beads - 15/0 Charlotte Czech Gold,1.71,
,Beads - 15/0 Charlotte Czech Silver,1.71,
,Labor for Double Wrap,1,
,"Leather - Lace, 1mm",1,
,Beads - 15/0 Charlotte Bronze,1.71,
,Beads - 15/0 Charlotte Crystal Silver,1.71,
,"Glue - Aleene's, 8 oz",0.0005,
,Thread - Nymo Nylon White Size 0,0.00484,
,Thread - Nymo Nylon White Size 00,0.00126,
,"Button, Etkie logo - large",1,
Iris Luxe Cuff Large,Stamped Leather Cuff Large,1,
,Beads - 15/0 Charlotte Czech Gold,2.4,
,Beads - 15/0 Charlotte Czech Silver,3.6,
,Labor for Large Luxe Cuff,1,
,"Glue - Aleene's, 8 oz",0.0005,
,Thread - Nymo Nylon White Size 0,0.00415,
,Thread - Nymo Nylon White Size 00,0.00167,
Drew Luxe Cuff Large,Stamped Leather Cuff Large,1,
,Beads - 15/0 Charlotte Czech Gold,1.5,
,Beads - 15/0 Charlotte Czech Silver,1.5,
,Beads - 15/0 Charlotte Bronze,1.5,
,Beads - 15/0 Charlotte Crystal Silver,1.5,
,Labor for Large Luxe Cuff,1,
,"Glue - Aleene's, 8 oz",0.0005,
,Thread - Nymo Nylon White Size 0,0.00415,
,Thread - Nymo Nylon White Size 00,0.00167,
Philomena Luxe Cuff Large,Stamped Leather Cuff Large,1,
,Beads - 15/0 Charlotte Czech Gold,1.5,
,Beads - 15/0 Charlotte Czech Silver,3,
,Labor for Large Luxe Cuff,1,
,Beads - 15/0 Charlotte Bronze,1.5,
,"Glue - Aleene's, 8 oz",0.0005,
,Thread - Nymo Nylon White Size 0,0.00415,
,Thread - Nymo Nylon White Size 00,0.00167,
Thunderbird Luxe Cuff Large,Stamped Leather Cuff Large,1,
,Beads - 15/0 Charlotte Czech Gold,1.2,
,Beads - 15/0 Charlotte Czech Silver,3.6,
,Labor for Large Luxe Cuff,1,
,Beads - 15/0 Charlotte Bronze,0.9,
,Beads - 15/0 Charlotte Crystal Silver,3,
,"Glue - Aleene's, 8 oz",0.0005,
,Thread - Nymo Nylon White Size 0,0.00415,
,Thread - Nymo Nylon White Size 00,0.00167,
Blake Luxe Earrings Gold,"Glue - Aleene's, 8 oz",0.0005,
,Labor for Double Wrap,1,
,Earrings,1,
,Thread - Nymo Nylon White Size 00,0.00063,
,Beads - 15/0 Charlotte Czech Gold,4,
Blake Luxe Earrings Silver,"Glue - Aleene's, 8 oz",0.0005,
,Labor for Double Wrap,1,
,Thread - Nymo Nylon White Size 00,0.00063,
,Earrings,1,
,Beads - 15/0 Charlotte Czech Silver,4,
Nikki Luxe Earrings Gold Medium,Earrings,1,
,Labor for Double Wrap,1,
,Beads - 15/0 Charlotte Czech Gold,3.5,
,Thread - Nymo Nylon White Size 00,0.00063,
Nikki Luxe Earrings Gold Large,Earrings,1,
,Labor for Large Luxe Cuff,1,
,Beads - 15/0 Charlotte Czech Gold,4,
,Thread - Nymo Nylon White Size 00,0.00063,
Hillary Luxe Earrings Silver Large,Earrings,1,
,Labor for Large Luxe Cuff,1,
,Beads - 15/0 Charlotte Czech Silver,4,
,Thread - Nymo Nylon White Size 00,0.00063,
Hillary Luxe Earrings Silver Medium,Labor for Double Wrap,1,
,Earrings,1,
,Beads - 15/0 Charlotte Czech Silver,3.5,
,Thread - Nymo Nylon White Size 00,0.00063,
"Packaging, D2C, Large","Packaging - Marketing Card, 4-fold brochure",1,
,Packaging - Bubble Pouch,1,
,"Packaging - Marketing, Thank You Note",1,
,Packaging - Bracelet Pouch,1,
"Packaging, D2C, Small","Packaging - Marketing Card, 4-fold brochure",1,
,Packaging - Bubble Pouch,1,
,"Packaging - Marketing, Thank You Note",1,
,Packaging - Bracelet Pouch,1,
"Packaging, Wholesale","Packaging - Marketing Card, 4-fold brochure",1,
,Packaging - Bubble Pouch,1,
,"Packaging - Marketing, Thank You Note",1,
,Packaging - Bracelet Pouch,1,
James Glass Cuff Small,Labor for Small Cuff,1,
,Stamped Leather Cuff Small,1,
,Beads - Dark Gray 15-377N,2.9,
,Beads - Silver 15-4201,0.34,
,Beads - Gold 15-4202,0.17,
,"Glue - Aleene's, 8 oz",0.0005,
,Thread - Nymo Nylon White Size B,0.0005,
,Thread - Nymo White Size D,0.00442,
James Glass Cuff Large,Labor for Large Cuff,1,
,Stamped Leather Cuff Large,1,
,Beads - Gold 15-4202,0.9,
,Beads - Silver 15-4201,0.6,
,Beads - Dark Gray 15-377N,4.5,
,"Glue - Aleene's, 8 oz",0.0005,
,Thread - Nymo Nylon White Size B,0.0018,
,Thread - Nymo White Size D,0.00694,
Wren Glass Cuff Large,Labor for Large Cuff,1,
,Stamped Leather Cuff Large,1,
,Beads - Silver 15-4201,3,
,Beads - Black 15-401,1.2,
,Beads - Dark Gray 15-377N,1.2,
,Beads - Gold 15-4202,0.6,
,"Glue - Aleene's, 8 oz",0.0005,
,Thread - Nymo Nylon White Size B,0.0018,
,Thread - Nymo White Size D,0.00694,
Jade Glass Cuff Small,Labor for Small Cuff,1,
,Stamped Leather Cuff Small,1,
,Beads - Silver 15-4201,1,
,Beads - Gold 15-4202,1,
,Beads - 13/0 Charlotte Cut - Green Opaque,1,
,Beads - 13/0 Charlotte Cut - Light Blue Opaque,1,
,"Glue - Aleene's, 8 oz",0.0005,
,Thread - Nymo Nylon White Size B,0.0005,
,Thread - Nymo White Size D,0.00442,
Jade Glass Cuff Large,Labor for Large Cuff,1,
,Stamped Leather Cuff Large,1,
,Beads - Silver 15-4201,2,
,Beads - 13/0 Charlotte Cut - Green Opaque,2,
,Beads - 13/0 Charlotte Cut - Light Blue Opaque,2,
,Beads - Gold 15-4202,2,
,"Glue - Aleene's, 8 oz",0.0005,
,Thread - Nymo Nylon White Size B,0.0018,
,Thread - Nymo White Size D,0.00694,
Neera Glass Cuff Small,Labor for Small Cuff,1,
,Stamped Leather Cuff Small,1,
,Beads - Silver 15-4201,2.05,
,Beads - Gold 15-4202,1.02,
,Beads - Dark Gray 15-377N,0.34,
,"Glue - Aleene's, 8 oz",0.0005,
,Thread - Nymo Nylon White Size B,0.0005,
,Thread - Nymo White Size D,0.00442,
Neera Glass Cuff  Large,Labor for Large Cuff,1,
,Stamped Leather Cuff Large,1,
,Beads - Silver 15-4201,3.9,
,Beads - Gold 15-4202,1.5,
,Beads - Dark Gray 15-377N,0.6,
,"Glue - Aleene's, 8 oz",0.0005,
,Thread - Nymo Nylon White Size B,0.0018,
,Thread - Nymo White Size D,0.00694,
Lucy Glass Cuff Small,Labor for Small Cuff,1,
,Stamped Leather Cuff Small,1,
,Beads - Dark Gray 15-377N,0.68,
,Beads - Gold 15-4202,1.02,
,Beads - Silver 15-4201,1.71,
,"Glue - Aleene's, 8 oz",0.0005,
,Thread - Nymo Nylon White Size B,0.0005,
,Thread - Nymo White Size D,0.00442,
Lucy Glass Cuff  Large,Labor for Large Cuff,1,
,Stamped Leather Cuff Large,1,
,Beads - Dark Gray 15-377N,1.2,
,Beads - Silver 15-4201,3,
,Beads - Gold 15-4202,1.8,
,Thread - Nymo Nylon White Size B,0.0018,
,"Glue - Aleene's, 8 oz",0.0005,
,Thread - Nymo White Size D,0.00694,
Dakota Glass Cuff Large,Stamped Leather Cuff Large,1,
,Labor for Large Cuff,1,
,Beads - Silver 15-4201,3,
,Beads - Dark Gray 15-377N,1.5,
,Beads - Black 15-401,1.5,
,"Glue - Aleene's, 8 oz",0.0005,
,Thread - Nymo Nylon White Size B,0.0018,
,Thread - Nymo White Size D,0.00694,
OKeeffe Glass Cuff Large - 1,Labor for Large Cuff,1,
,Stamped Leather Cuff Large,1,
,"Glue - Aleene's, 8 oz",0.0005,
,Beads - Blue 15-399H,2,
,Beads - Turquoise 15-374,2,
,Beads - Silver 15-4201,2,
,Thread - Nymo Nylon White Size B,0.0018,
,Thread - Nymo White Size D,0.00694,
OKeeffe Glass Cuff Small - 2,Labor for Small Cuff,1,
,Stamped Leather Cuff Small,1,
,"Glue - Aleene's, 8 oz",0.0005,
,Beads - Silver 15-4201,1,
,Beads - Blue 15-399H,1,
,Beads - Turquoise 15-374,1,
,Thread - Nymo Nylon White Size B,0.0005,
,Thread - Nymo White Size D,0.00442,
OKeeffe Glass Cuff Small - 3,Labor for Small Cuff,1,
,Stamped Leather Cuff Small,1,
,"Glue - Aleene's, 8 oz",0.0005,
,Beads - Gold 15-4202,1,
,Beads - Berry 15-4208,1,
,Beads - Turquoise 15-374,1,
,Thread - Nymo Nylon White Size B,0.0005,
,Thread - Nymo White Size D,0.00442,
OKeeffe Glass Cuff Small - 4,Labor for Small Cuff,1,
,Stamped Leather Cuff Small,1,
,"Glue - Aleene's, 8 oz",0.0005,
,Beads - Berry 15-4208,1,
,Beads - Red 15-P489,1,
,Beads - Gold 15-4202,1,
,Beads - Silver 15-4201,1,
,Thread - Nymo Nylon White Size B,0.0005,
,Thread - Nymo White Size D,0.00442,
OKeeffe Glass Cuff Small - 5,Labor for Small Cuff,1,
,Stamped Leather Cuff Small,1,
,"Glue - Aleene's, 8 oz",0.0005,
,Beads - Silver 15-4201,1,
,Beads - Turquoise 15-374,1,
,Beads - Blue 15-399H,1,
,Thread - Nymo Nylon White Size B,0.0005,
,Thread - Nymo White Size D,0.00442,
OKeeffe Glass Cuff Large - 6,Labor for Large Cuff,1,
,Stamped Leather Cuff Large,1,
,Beads - Blue 15-399H,2,
,Beads - Turquoise 15-374,2,
,Beads - Silver 15-4201,2,
,Beads - Gold 15-4202,2,
,"Glue - Aleene's, 8 oz",0.0005,
,Thread - Nymo Nylon White Size B,0.0018,
,Thread - Nymo White Size D,0.00694,
Stamped Leather Cuff X-Small,"Glue - Aleene's, 8 oz",0.0005,
,Leather - Deerskin (Brown),0.0487,
,Copper Strip - Mini Bracelet,1,
,Labor for Stamped Cuff,1,
Mothers Day Mini Rose Glass Cuff,Labor for X-Small Cuff,1,
,Stamped Leather Cuff X-Small,1,
,"Glue - Aleene's, 8 oz",0.0005,
,Beads - Gold 15-4202,1,
,Beads - Silver 15-4201,1,
Mini Luxe Kerry Wrap,Labor for Small Cuff,1,
,Leather - Small Bracelet Strip,1,
,Beads - 15/0 Charlotte Czech Gold,1,
,Beads - 15/0 Charlotte Czech Silver,1,
,"Leather - Lace, 1mm",1,
,"Glue - Aleene's, 8 oz",0.0005,
,Thread - Nymo Nylon White Size 0,0.00242,
,Thread - Nymo Nylon White Size 00,0.00063,
,"Button, Etkie logo - small",1,
Stamped Leather Cuff Medium,Leather - Cowhide,0.06016,
,"Glue - Aleene's, 8 oz",0.0005,
,Copper Strip - Medium Bracelet,1,
,Labor for Stamped Cuff,1,
Drew Glass Cuff Medium,Beads - Gray 15-377H,1.23,
,Beads - Dark Gray 15-368A,1.23,
,Beads - Gold 15-4202,1.23,
,Beads - Silver 15-4201,1.23,
,Stamped Leather Cuff Medium,1,
,Labor for Medium Cuff,1,
,"Glue - Aleene's, 8 oz",0.0005,
,Thread - Nymo Nylon White Size B,0.0005,
,Thread - Nymo White Size D,0.00442,
Stella Glass Cuff Large,Labor for Large Cuff,1,
,Stamped Leather Cuff Large,1,
,Beads - Gold 15-4202,1.5,
,Beads - Silver 15-4201,3,
,Beads - 13/0 Charlotte Cut - Brown Iris,1.5,
,"Glue - Aleene's, 8 oz",0.0005,
,Thread - Nymo Nylon White Size B,0.0005,
,Thread - Nymo White Size D,0.00442,
Custom Cuff,Labor for Small Cuff,1,
,Stamped Leather Cuff Small,1,
,"Glue - Aleene's, 8 oz",0.0005,
,Thread - Nymo Nylon White Size B,0.0005,
,Thread - Nymo White Size D,0.00442,
,Beads - Gold 15-4202,1,
,Beads - Silver 15-4201,1,
Cara Glass Cuff Large,Labor for Large Cuff,1,
,Stamped Leather Cuff Large,1,
,Beads - Black 15-401,4.2,
,Beads - Silver 15-4201,0.9,
,Beads - Dark Gray 15-377N,0.6,
,Beads - Gold 15-4202,0.3,
,"Glue - Aleene's, 8 oz",0.0005,
,Thread - Nymo Nylon White Size B,0.0018,
,Thread - Nymo White Size D,0.00694,
Cara Glass Cuff Small,Labor for Small Cuff,1,
,Stamped Leather Cuff Small,1,
,Beads - Dark Gray 15-377N,0.34,
,Beads - Gold 15-4202,0.34,
,Beads - Black 15-401,2.22,
,Beads - Silver 15-4201,0.51,
,"Glue - Aleene's, 8 oz",0.0005,
,Thread - Nymo Nylon White Size B,0.0005,
,Thread - Nymo White Size D,0.00442,
Kelly Glass Cuff Large,Labor for Large Cuff,1,
,Stamped Leather Cuff Large,1,
,Beads - Black 15-401,3.6,
,Beads - Silver 15-4201,0.9,
,Beads - Dark Gray 15-377N,0.9,
,Beads - Gold 15-4202,0.6,
,"Glue - Aleene's, 8 oz",0.0005,
,Thread - Nymo Nylon White Size B,0.0018,
,Thread - Nymo White Size D,0.00694,
Kelly Glass Cuff Small,Labor for Small Cuff,1,
,Stamped Leather Cuff Small,1,
,Beads - Silver 15-4201,0.85,
,Beads - Black 15-401,1.71,
,Beads - Dark Gray 15-377N,0.51,
,Beads - Gold 15-4202,0.34,
,"Glue - Aleene's, 8 oz",0.0005,
,Thread - Nymo Nylon White Size B,0.0005,
,Thread - Nymo White Size D,0.00442,
Nova Glass Cuff Large,Labor for Large Cuff,1,
,Stamped Leather Cuff Large,1,
,Beads - Silver 15-4201,4.5,
,Beads - Black 15-401,0.48,
,Beads - Gold 15-4202,0.48,
,Beads - Blue 15-399H,0.54,
,"Glue - Aleene's, 8 oz",0.0005,
,Thread - Nymo Nylon White Size B,0.0018,
,Thread - Nymo White Size D,0.00694,
Nova Glass Cuff Small,Labor for Small Cuff,1,
,Stamped Leather Cuff Small,1,
,Beads - Silver 15-4201,1.87,
,Beads - Black 15-401,0.51,
,Beads - Gold 15-4202,0.51,
,Beads - Blue 15-399H,0.34,
,"Glue - Aleene's, 8 oz",0.0005,
,Thread - Nymo Nylon White Size B,0.0005,
,Thread - Nymo White Size D,0.00442,
Tallulah Glass Cuff Small,Labor for Small Cuff,1,
,Stamped Leather Cuff Small,1,
,Beads - Silver 15-4201,1.71,
,Beads - Gold 15-4202,0.85,
,Beads -  13/0 Charlotte Cut Black Opaque,0.85,
,"Glue - Aleene's, 8 oz",0.0005,
,Thread - Nymo Nylon White Size B,0.0005,
,Thread - Nymo White Size D,0.00442,
Tallulah Glass Cuff Large,Labor for Large Cuff,1,
,Stamped Leather Cuff Large,1,
,Beads - Silver 15-4201,3,
,Beads - Gold 15-4202,1.5,
,Beads -  13/0 Charlotte Cut Black Opaque,1.5,
,"Glue - Aleene's, 8 oz",0.0005,
,Thread - Nymo Nylon White Size B,0.0018,
,Thread - Nymo White Size D,0.00694,
Alice Glass Cuff Large,"Glue - Aleene's, 8 oz",0.0005,
,Beads - Silver 15-4201,1.98,
,Beads - Black 15-401,1.8,
,Stamped Leather Cuff Large,1,
,Labor for Large Cuff,1,
,Beads - Gold 15-4202,1.8,
,Beads - Dark Gray 15-377N,0.42,
,Thread - Nymo Nylon White Size B,0.0018,
,Thread - Nymo White Size D,0.00694,
Alice Glass Cuff Small,Stamped Leather Cuff Small,1,
,"Glue - Aleene's, 8 oz",0.0005,
,Labor for Small Cuff,1,
,Beads - Gold 15-4202,0.95,
,Beads - Silver 15-4201,1.22,
,Beads - Black 15-401,0.95,
,Beads - Dark Gray 15-377N,0.27,
,Thread - Nymo Nylon White Size B,0.0005,
,Thread - Nymo White Size D,0.00442,
Hendrix Glass Cuff Small,Stamped Leather Cuff Small,1,
,Beads - Silver 15-4201,0.85,
,Beads - Gold 15-4202,0.85,
,Labor for Small Cuff,1,
,Beads - Black 15-401,1.02,
,Beads - Dark Gray 15-377N,0.68,
,"Glue - Aleene's, 8 oz",0.0005,
,Thread - Nymo Nylon White Size B,0.0005,
,Thread - Nymo White Size D,0.00442,
Hendrix Glass Cuff Large,Beads - Black 15-401,1.5,
,Beads - Dark Gray 15-368A,1.5,
,Beads - Gold 15-4202,1.2,
,Beads - Silver 15-4201,1.8,
,Stamped Leather Cuff Large,1,
,Labor for Large Cuff,1,
,"Glue - Aleene's, 8 oz",0.0005,
,Thread - Nymo Nylon White Size B,0.0018,
,Thread - Nymo White Size D,0.00694,
Ella Glass Cuff Large,Labor for Large Cuff,1,
,Stamped Leather Cuff Large,1,
,Beads - Silver 15-4201,3.3,
,Beads - Black 15-401,1.5,
,Beads - Gold 15-4202,1.2,
,"Glue - Aleene's, 8 oz",0.0005,
,Thread - Nymo Nylon White Size B,0.0018,
,Thread - Nymo White Size D,0.00694,
Ella Glass Cuff Small,Labor for Small Cuff,1,
,Stamped Leather Cuff Small,1,
,Beads - Silver 15-4201,1.87,
,Beads - Black 15-401,0.85,
,Beads - Gold 15-4202,0.68,
,"Glue - Aleene's, 8 oz",0.0005,
,Thread - Nymo Nylon White Size B,0.0005,
,Thread - Nymo White Size D - bobbin,0.00442,
Kalani Glass Cuff Large,Beads - Black 15-401,1.5,
,Beads - Dark Gray 15-368A,1.5,
,Beads - Gold 15-4202,1.5,
,Beads - Silver 15-4201,1.5,
,Stamped Leather Cuff Large,1,
,Labor for Large Cuff,1,
,"Glue - Aleene's, 8 oz",0.0005,
,Thread - Nymo Nylon White Size B,0.0018,
,Thread - Nymo White Size D,0.00694,
Kalani Glass Cuff Small,Stamped Leather Cuff Small,1,
,Beads - Silver 15-4201,0.85,
,Beads - Gold 15-4202,0.85,
,Labor for Small Cuff,1,
,Beads - Black 15-401,0.85,
,Beads - Dark Gray 15-377N,0.85,
,"Glue - Aleene's, 8 oz",0.0005,
,Thread - Nymo Nylon White Size B,0.0005,
,Thread - Nymo White Size D,0.00442,
Cami Glass Cuff Large,Beads - Black 15-401,1.5,
,Beads - Dark Gray 15-368A,1.5,
,Beads - Gold 15-4202,1.5,
,Beads - Silver 15-4201,1.5,
,Stamped Leather Cuff Large,1,
,Labor for Large Cuff,1,
,"Glue - Aleene's, 8 oz",0.0005,
,Thread - Nymo Nylon White Size B,0.0018,
,Thread - Nymo White Size D,0.00694,
Cami Glass Cuff Small,Stamped Leather Cuff Small,1,
,Beads - Silver 15-4201,0.85,
,Beads - Gold 15-4202,0.85,
,Labor for Small Cuff,1,
,Beads - Black 15-401,0.85,
,Beads - Dark Gray 15-377N,0.85,
,"Glue - Aleene's, 8 oz",0.0005,
,Thread - Nymo Nylon White Size B,0.0005,
,Thread - Nymo White Size D,0.00442,
Packaging - Bracelet Pouch,Labor for Bracelet Pouch,1,
,Leather - Pigskin,0.125,
Quinn Glass Cuff Large,Beads - Dark Gray 15-377N,0.72,
,Beads - Gold 15-4202,0.48,
,Beads - Silver 15-4201,3.9,
,Stamped Leather Cuff Large,1,
,Labor for Large Cuff,1,
,"Glue - Aleene's, 8 oz",0.0005,
,Thread - Nymo Nylon White Size B,0.0018,
,Thread - Nymo White Size D,0.00694,
,Beads - Black 15-401,1.2,
Georgia Glass Cuff Large,Beads - Grey 15-4221,1.2,
,Beads - Gold 15-4202,1.2,
,Beads - Silver 15-4201,1.2,
,Stamped Leather Cuff Large,1,
,Labor for Large Cuff,1,
,"Glue - Aleene's, 8 oz",0.0005,
,Thread - Nymo Nylon White Size B,0.0018,
,Thread - Nymo White Size D,0.00694,
,Beads - Dark Green 1488,1.2,
,Stamped Leather Cuff Small,1,
Georgia Glass Cuff Small,Beads - Silver 15-4201,0.68,
,Beads - Gold 15-4202,0.68,
,Labor for Small Cuff,1,
,Beads - Black 15-401,0.68,
,Beads - Grey 15-4221,0.68,
,"Glue - Aleene's, 8 oz",0.0005,
,Thread - Nymo Nylon White Size B,0.0005,
,Thread - Nymo White Size D,0.00442,
,Beads - Dark Green 1488,0.68,
,Beads - Black 15-401,0.51,
,Stamped Leather Cuff Small,1,
Quinn Glass Cuff Small,Beads - Dark Gray 15-377N,0.34,
,Beads - Silver 15-4201,2.56,
,Stamped Leather Cuff Large,1,
,Labor for Large Cuff,1,
,"Glue - Aleene's, 8 oz",0.0005,
,Thread - Nymo Nylon White Size B,0.0018,
,Thread - Nymo White Size D,0.00694,
OKeeffe Glass Cuff Large - 2,Beads - Black 15-401,1.5,
,Beads - Dark Green 1488,1.5,
,Beads - Gold 15-4202,1.5,
,Beads - Silver 4201F,0.9,
,Stamped Leather Cuff Large,1,
,Labor for Large Cuff,1,
,"Glue - Aleene's, 8 oz",0.0005,
,Thread - Nymo Nylon White Size B,0.0018,
,Thread - Nymo White Size D,0.00694,
OKeeffe Glass Cuff Large - 3,Beads - Black 15-401,1.5,
,Beads - Beige 15-329A,1.5,
,Beads - Gold 15-4202,1.5,
,Beads - Brown 15-377D,1.5,
,Stamped Leather Cuff Large,1,
,Labor for Large Cuff,1,
,"Glue - Aleene's, 8 oz",0.0005,
,Thread - Nymo Nylon White Size B,0.0018,
,Thread - Nymo White Size D,0.00694,
OKeeffe Glass Cuff Small - 6,Stamped Leather Cuff Small,1,
,Beads - Turquoise 15-374,2.21,
,Beads - Berry 15-4208,2.21,
,Beads - Dark Gray 15-377N,0.34,
,"Glue - Aleene's, 8 oz",0.0005,
,Thread - Nymo Nylon White Size B,0.0005,
,Thread - Nymo White Size D,0.00442,
OKeeffe Glass Cuff Small - 7,Stamped Leather Cuff Small,1,
,Beads - Silver 15-4201,0.68,
,Beads - Black 15-401,0.68,
,Beads - Dark Gray 15-377N,2.05,
,"Glue - Aleene's, 8 oz",0.0005,
,Thread - Nymo Nylon White Size B,0.0005,
,Thread - Nymo White Size D,0.00442,
OKeeffe Glass Cuff Large - 8,Beads - Black 15-401,2,
,Beads - Silver 15-4201,2,
,Beads - Gray 15-1866,2,
,Stamped Leather Cuff Large,1,
,"Glue - Aleene's, 8 oz",0.0005,
,Thread - Nymo Nylon White Size B,0.0018,
,Thread - Nymo White Size D,0.00694,
Lina Silver Glass Cuff Small,Stamped Leather Cuff Small,1,
,Beads - Gold 15-4202,2,
,Beads - Silver 15-4201,2,
,Beads - WBG 318S,2,
,"Glue - Aleene's, 8 oz",0.0005,
,Thread - Nymo Nylon White Size B,0.0005,
,Thread - Nymo White Size D,0.00442,
Andrea W/Pink Cuff Small,Stamped Leather Cuff Small,1,
,Beads - Silver 15-4201,2,
,Beads - Gray 15-1866,2,
,Beads - Dark Gray 15-377N,2,
,"Glue - Aleene's, 8 oz",0.0005,
,Thread - Nymo Nylon White Size B,0.0005,
,Thread - Nymo White Size D,0.00442,
Andrea W/Pink Cuff Large,Stamped Leather Cuff Large,1,
,Beads - Gray 15-1866,4,
,Beads - Dark Gray 15-377N,4,
,Beads - Silver 15-4201,4,
,"Glue - Aleene's, 8 oz",0.0005,
,Thread - Nymo Nylon White Size B,0.0018,
,Thread - Nymo White Size D,0.00694,
Sonia Cuff Small,"Japanese Rocaille WBG, 15, 720",2,
,Beads - Silver 15-4201,2,
,Beads - Rose Gold 15/0 P481,2,
,Stamped Leather Cuff Small,1,
,"Glue - Aleene's, 8 oz",0.0005,
,Thread - Nymo Nylon White Size B,0.0005,
,Thread - Nymo White Size D,0.00442,
Sonia Cuff Large,"Japanese Rocaille WBG, 15, 720",4,
,Beads - Silver 15-4201,4,
,Beads - Rose Gold 15/0 P481,4,
,Stamped Leather Cuff Large,1,
,"Glue - Aleene's, 8 oz",0.0005,
,Thread - Nymo Nylon White Size B,0.0018,
,Thread - Nymo White Size D,0.00694,
Lina Silver Glass Cuff Large,Stamped Leather Cuff Large,1,
,Beads - Gold 15-4202,4,
,Beads - Silver 15-4201,4,
,Beads - WBG 318S,4,
,"Glue - Aleene's, 8 oz",0.0005,
,Thread - Nymo Nylon White Size B,0.0018,
,Thread - Nymo White Size D,0.00694,
Thunderbird Glass Cuff Large,Stamped Leather Cuff Large,1,
,Beads - Silver 15-4201,4,
,Beads - Gold 15-4202,4,
,Beads - 15/0 Charlotte Bronze,3,
,"Glue - Aleene's, 8 oz",0.0005,
,Thread - Nymo Nylon White Size B,0.0018,
,Thread - Nymo White Size D,0.00694,
Sample Ella turquoise and black cuff Large,Beads - Turquoise 15-374,2,
,Beads - Black 15-401,2,
,Beads - Silver 15-4201,4,
,Stamped Leather Cuff Large,1,
,"Glue - Aleene's, 8 oz",0.0005,
,Thread - Nymo Nylon White Size B,0.0018,
,Thread - Nymo White Size D,0.00694,
Sample Cami rose gold cuff large,Beads - Silver 15-4201,2,
,Beads - Black 15-401,2,
,Beads - Rose Gold 15/0 P481,2,
,Stamped Leather Cuff Large,1,
,"Glue - Aleene's, 8 oz",0.0005,
,Thread - Nymo Nylon White Size B,0.0018,
,Thread - Nymo White Size D,0.00694,
Sample turquoise blanket cuff large,Beads - Turquoise 15-374,2,
,Beads - Black 15-401,2,
,Beads - Dark Gray 15-377N,2,
,Beads - Silver 15-4201,4,
,Stamped Leather Cuff Large,1,
,"Glue - Aleene's, 8 oz",0.0005,
,Thread - Nymo Nylon White Size B,0.0018,
,Thread - Nymo White Size D,0.00694,
Sample hieroglyphs rose gold cuff large,Beads - Black 15-401,2,
,Beads - Rose Gold 15/0 P481,2,
,Beads - Silver 15-4201,4,
,Stamped Leather Cuff Large,1,
,"Glue - Aleene's, 8 oz",0.0005,
,Thread - Nymo Nylon White Size B,0.0018,
,Thread - Nymo White Size D,0.00694,
Sample rose gold confetti cuff large,Beads - Rose Gold 15/0 P481,4,
,Beads - Silver 15-4201,4,
,Stamped Leather Cuff Large,1,
,"Glue - Aleene's, 8 oz",0.0005,
,Thread - Nymo Nylon White Size B,0.0018,
,Thread - Nymo White Size D,0.00694,
Sample neera rose gold cuff large,Beads - Black 15-401,2,
,Beads - Rose Gold 15/0 P481,1,
,Beads - Silver 15-4201,4,
,Stamped Leather Cuff Large,1,
,"Glue - Aleene's, 8 oz",0.0005,
,Thread - Nymo Nylon White Size B,0.0018,
,Thread - Nymo White Size D,0.00694,
Sample turquoise coco cuff large,Beads - Turquoise 15-374,2,
,Beads - Silver 15-4201,2,
,Beads - Black 15-401,2,
,Beads - Gold 15-4202,2,
,Stamped Leather Cuff Large,1,
,"Glue - Aleene's, 8 oz",0.0005,
,Thread - Nymo Nylon White Size B,0.0018,
,Thread - Nymo White Size D,0.00694,
Sample turquoise laura cuff large,Beads - Black 15-401,1,
,Beads - Silver 15-4201,2,
,Beads - Turquoise 15-374,5,
,Stamped Leather Cuff Large,1,
,Thread - Nymo Nylon White Size B,0.0018,
,Thread - Nymo White Size D,0.00694,
,"Glue - Aleene's, 8 oz",0.0005,
Sample turquoise+gold laura cuff large,Beads - Black 15-401,1,
,Beads - Gold 15-4202,2,
,Beads - Turquoise 15-374,4,
,Stamped Leather Cuff Large,1,
,"Glue - Aleene's, 8 oz",0.0005,
,Thread - Nymo Nylon White Size B,0.0018,
,Thread - Nymo White Size D,0.00694,
Sample alice rose gold cuff large,Beads - Black 15-401,4,
,Beads - Rose Gold 15/0 P481,4,
,Beads - Silver 15-4201,4,
,Beads - Dark Gray 15-377N,2,
,Stamped Leather Cuff Large,1,
,"Glue - Aleene's, 8 oz",0.0005,
,Thread - Nymo Nylon White Size B,0.0018,
,Thread - Nymo White Size D,0.00694,
Sample linear black silver and rose gold cuff large,Beads - Rose Gold 15/0 P481,2,
,Beads - Black 15-401,4,
,Beads - Silver 15-4201,4,
,Stamped Leather Cuff Large,1,
,"Glue - Aleene's, 8 oz",0.0005,
,Thread - Nymo Nylon White Size B,0.0018,
,Thread - Nymo White Size D,0.00694,
Sample Ella turquoise and black cuff small,Beads - Black 15-401,2,
,Beads - Turquoise 15-374,2,
,Beads - Silver 15-4201,4,
,Stamped Leather Cuff Small,1,
,"Glue - Aleene's, 8 oz",0.0005,
,Thread - Nymo Nylon White Size B,0.0005,
,Thread - Nymo White Size D,0.00442,
Sample confetti green + pink cuff large,Stamped Leather Cuff Large,1,
,"Glue - Aleene's, 8 oz",0.0005,
,Thread - Nymo Nylon White Size B,0.0018,
,Thread - Nymo White Size D,0.00694,
Sample Confetti lime green + silver cuff large,Beads - Silver 15-4201,4,
,Stamped Leather Cuff Large,1,
,"Glue - Aleene's, 8 oz",0.0005,
,Thread - Nymo Nylon White Size B,0.0018,
,Thread - Nymo White Size D,0.00694,
Sample checker pink + green cuff large,Beads - Silver 15-4201,4,
,"Glue - Aleene's, 8 oz",0.0005,
,Stamped Leather Cuff Large,1,
,Thread - Nymo Nylon White Size B,0.0018,
,Thread - Nymo White Size D,0.00694,
Tia Large cuff,"Japanese Rocaille WBG, 15, 720",5,
,Beads - Silver 15-4201,3,
,Beads - Turquoise 15-374,3,
,Stamped Leather Cuff Large,1,
,"Glue - Aleene's, 8 oz",0.0005,
,Thread - Nymo Nylon White Size B,0.0018,
,Thread - Nymo White Size D,0.00694,
Toni Large (Laura pattern) cuff,"Japanese Rocaille WBG, 15, 720",3,
,Beads - Silver 15-4201,5,
,Beads - Turquoise 15-374,3,
,Stamped Leather Cuff Large,1,
,"Glue - Aleene's, 8 oz",0.0005,
,Thread - Nymo Nylon White Size B,0.0018,
,Thread - Nymo White Size D,0.00694,
Tai Glass Cuff Medium,"Japanese Rocaille WBG, 15, 720",4,
,Beads - Silver 15-4201,3,
,Beads - Yellow Green 722,3,
,Beads - Turquoise 15-374,3,
,Stamped Leather Cuff Medium,1,
,"Glue - Aleene's, 8 oz",0.0005,
,Thread - Nymo Nylon White Size B,0.0005,
,Thread - Nymo White Size D,0.00442,
,Beads - Gold 15-4202,2,
Tierra Small cuff,"Japanese Rocaille WBG, 15, 720",2,
,Beads - Silver 15-4201,2,
,Beads - Turquoise 15-374,2,
,Stamped Leather Cuff Small,1,
,"Glue - Aleene's, 8 oz",0.0005,
,Thread - Nymo Nylon White Size B,0.0005,
,Thread - Nymo White Size D,0.00442,
Tierra Large cuff,"Japanese Rocaille WBG, 15, 720",4,
,Beads - Silver 15-4201,4,
,Beads - Turquoise 15-374,4,
,Stamped Leather Cuff Large,1,
,"Glue - Aleene's, 8 oz",0.0005,
,Thread - Nymo Nylon White Size B,0.0018,
,Thread - Nymo White Size D,0.00694,
Tess Small cuff,"Japanese Rocaille WBG, 15, 720",2,
,Beads - Silver 15-4201,2,
,Beads - Turquoise 15-374,2,
,Stamped Leather Cuff Small,1,
,"Glue - Aleene's, 8 oz",0.0005,
,Thread - Nymo Nylon White Size B,0.0005,
,Thread - Nymo White Size D,0.00442,
Tess Large cuff,"Japanese Rocaille WBG, 15, 720",4,
,Beads - Silver 15-4201,4,
,Beads - Turquoise 15-374,4,
,Stamped Leather Cuff Large,1,
,"Glue - Aleene's, 8 oz",0.0005,
,Thread - Nymo Nylon White Size B,0.0018,
,Thread - Nymo White Size D,0.00694,
Theo Small cuff,"Japanese Rocaille WBG, 15, PF470",2,
,Beads - Silver 15-4201,2,
,Beads - Turquoise 15-374,4,
,Stamped Leather Cuff Small,1,
,"Glue - Aleene's, 8 oz",0.0005,
,Thread - Nymo Nylon White Size B,0.0005,
,Thread - Nymo White Size D,0.00442,
Theo Large cuff,"Japanese Rocaille WBG, 15, 720",3,
,Beads - Silver 15-4201,3,
,Beads - Turquoise 15-374,5,
,Stamped Leather Cuff Large,1,
,"Glue - Aleene's, 8 oz",0.0005,
,Thread - Nymo Nylon White Size B,0.0018,
,Thread - Nymo White Size D,0.00694,
Tia Small cuff,"Japanese Rocaille WBG, 15, 720",4,
,Beads - Silver 15-4201,2,
,Beads - Turquoise 15-374,2,
,Stamped Leather Cuff Small,1,
,"Glue - Aleene's, 8 oz",0.0005,
,Thread - Nymo Nylon White Size B,0.0005,
,Thread - Nymo White Size D,0.00442,
Eileen Small cuff,"Japanese Rocaille WBG, 15, 720",2,
,Beads - Silver 15-4201,2,
,Beads - Rose Gold 15/0 P481,2,
,Stamped Leather Cuff Small,1,
,"Glue - Aleene's, 8 oz",0.0005,
,Thread - Nymo Nylon White Size B,0.0005,
,Thread - Nymo White Size D,0.00442,
Eileen Large cuff,"Japanese Rocaille WBG, 15, 720",4,
,Beads - Silver 15-4201,4,
,Beads - Rose Gold 15/0 P481,4,
,Stamped Leather Cuff Large,1,
,"Glue - Aleene's, 8 oz",0.0005,
,Thread - Nymo Nylon White Size B,0.0018,
,Thread - Nymo White Size D,0.00694,
Casandre Small cuff,"Japanese Rocaille WBG, 15, 720",2,
,Beads - Silver 15-4201,2,
,Beads - Rose Gold 15/0 P481,2,
,Stamped Leather Cuff Small,1,
,"Glue - Aleene's, 8 oz",0.0005,
,Thread - Nymo Nylon White Size B,0.0005,
,Thread - Nymo White Size D,0.00442,
Casandre Large cuff,"Japanese Rocaille WBG, 15, 720",4,
,Beads - Silver 15-4201,4,
,Beads - Rose Gold 15/0 P481,4,
,Stamped Leather Cuff Large,1,
,"Glue - Aleene's, 8 oz",0.0005,
,Thread - Nymo Nylon White Size B,0.0018,
,Thread - Nymo White Size D,0.00694,
Aleksa Small cuff,"Japanese Rocaille WBG, 15, 720",2,
,Beads - Silver 15-4201,2,
,Beads - Rose Gold 15/0 P481,2,
,Stamped Leather Cuff Small,1,
,"Glue - Aleene's, 8 oz",0.0005,
,Thread - Nymo Nylon White Size B,0.0005,
,Thread - Nymo White Size D,0.00442,
Aleksa Large cuff,"Japanese Rocaille WBG, 15, 720",4,
,Beads - Silver 15-4201,4,
,Beads - Rose Gold 15/0 P481,4,
,Stamped Leather Cuff Large,1,
,"Glue - Aleene's, 8 oz",0.0005,
,Thread - Nymo Nylon White Size B,0.0018,
,Thread - Nymo White Size D - bobbin,0.00694,
Hildreth Small cuff,"Japanese Rocaille WBG, 15, 720",2,
,Beads - Silver 15-4201,2,
,Beads - Rose Gold 15/0 P481,2,
,Stamped Leather Cuff Small,1,
,"Glue - Aleene's, 8 oz",0.0005,
,Thread - Nymo Nylon White Size B,0.0005,
,Thread - Nymo White Size D,0.00442,
Hildreth Large cuff,"Japanese Rocaille WBG, 15, 720",4,
,Beads - Silver 15-4201,4,
,Beads - Rose Gold 15/0 P481,4,
,Stamped Leather Cuff Large,1,
,"Glue - Aleene's, 8 oz",0.0005,
,Thread - Nymo Nylon White Size B,0.0018,
,Thread - Nymo White Size D,0.00694,
Anna Small cuff,"Japanese Rocaille WBG, 15, 720",2,
,Beads - Silver 15-4201,2,
,Beads - Rose Gold 15/0 P481,2,
,Stamped Leather Cuff Small,1,
,"Glue - Aleene's, 8 oz",0.0005,
,Thread - Nymo Nylon White Size B,0.0005,
,Thread - Nymo White Size D,0.00442,
Anna Large cuff,"Japanese Rocaille WBG, 15, 720",4,
,Beads - Silver 15-4201,4,
,Beads - Rose Gold 15/0 P481,4,
,Stamped Leather Cuff Large,1,
,"Glue - Aleene's, 8 oz",0.0005,
,Thread - Nymo Nylon White Size B,0.0018,
,Thread - Nymo White Size D,0.00694,
Meredith Small cuff,"Japanese Rocaille WBG, 15, 720",2,
,Beads - Silver 15-4201,2,
,Beads - Rose Gold 15/0 P481,2,
,Stamped Leather Cuff Small,1,
,"Glue - Aleene's, 8 oz",0.0005,
,Thread - Nymo Nylon White Size B,0.0005,
,Thread - Nymo White Size D,0.00442,
Meredith Large cuff,"Japanese Rocaille WBG, 15, 720",4,
,Beads - Silver 15-4201,4,
,Beads - Rose Gold 15/0 P481,4,
,Stamped Leather Cuff Large,1,
,"Glue - Aleene's, 8 oz",0.0005,
,Thread - Nymo Nylon White Size B,0.0018,
,Thread - Nymo White Size D,0.00694,
Copper Strip Large 5.5,Stamped Leather Cuff Large,1,
,Beads - Black 15-401,2,
,Beads - Silver 15-4201,2,
,Beads - Gold 15-4202,2,
,"Glue - Aleene's, 8 oz",0.0005,
,Thread - Nymo Nylon White Size B,0.0018,
,Thread - Nymo White Size D,0.00694,
Copper Strip Med 5.5,Stamped Leather Cuff Small,1,
,Beads - Black 15-401,2,
,Beads - Silver 15-4201,2,
,Beads - Rose Gold 15/0 P481,2,
,"Glue - Aleene's, 8 oz",0.0005,
,Thread - Nymo Nylon White Size B,0.0005,
,Thread - Nymo White Size D,0.00442,
Copper Strip Sm 5.5,Stamped Leather Cuff Small,1,
,Beads - Black 15-401,2,
,Beads - Silver 15-4201,2,
,Beads - 15/0 Charlotte Czech Gold,1,
,Beads - Turquoise 15-374,2,
,"Glue - Aleene's, 8 oz",0.0005,
,Thread - Nymo Nylon White Size B,0.0005,
,Thread - Nymo White Size D,0.00442,
Copper Strip X Sm 5.5,Stamped Leather Cuff Small,1,
,Beads - Silver 15-4201,1,
,Beads - Black 15-401,1,
,Beads - Rose Gold 15/0 P481,1,
,"Glue - Aleene's, 8 oz",0.0005,
,Thread - Nymo Nylon White Size B,0.0005,
,Thread - Nymo White Size D,0.00442,
Beads - 15/0 Cut Sterling Silver,Stamped Leather Cuff Small,1,
,Beads - Black 15-401,2,
,Beads - Silver 15-4201,2,
,Beads - Rose Gold 15/0 P481,2,
,Beads - Dark Gray 15-377N,1,
,"Glue - Aleene's, 8 oz",0.0005,
,Thread - Nymo Nylon White Size B,0.0005,
,Thread - Nymo White Size D,0.00442,
"Button, Etkie Large Gold",Stamped Leather Cuff Small,1,
,Beads - Black 15-401,2,
,Beads - Silver 15-4201,2,
,Beads - Gold 15-4202,2,
,"Glue - Aleene's, 8 oz",0.0005,
,Thread - Nymo Nylon White Size B,0.0005,
,Thread - Nymo White Size D,0.00442,
"Button, Etkie Large Oxy",Stamped Leather Cuff Small,1,
,Beads - Black 15-401,2,
,Beads - Silver 15-4201,2,
,Beads - Gold 15-4202,2,
,Beads - Dark Gray 15-368A,1,
,Beads - Turquoise 15-374,1,
,"Glue - Aleene's, 8 oz",0.0005,
,Thread - Nymo Nylon White Size B,0.0005,
,Thread - Nymo White Size D,0.00442,
Copper Metal Sheet,Stamped Leather Cuff Small,1,
,Beads - Silver 15-4201,2,
,Beads - Gold 15-4202,2,
,"Glue - Aleene's, 8 oz",0.0005,
,Thread - Nymo Nylon White Size B,0.0005,
,Thread - Nymo White Size D,0.00442,
Needles - Size 10 - 25 Pack,Stamped Leather Cuff Small,1,
,Beads - Silver 15-4201,2,
,Beads - Rose Gold 15/0 P481,2,
,"Glue - Aleene's, 8 oz",0.0005,
,Thread - Nymo Nylon White Size B,0.0005,
,Thread - Nymo White Size D,0.00442,
Packaging - Bubble Wrap,Stamped Leather Cuff Small,1,
,Beads - Gold 15-4202,1,
,"Glue - Aleene's, 8 oz",0.0005,
,Thread - Nymo Nylon White Size B,0.0005,
,Thread - Nymo White Size D,0.00442,
Stamped Leather Cuff Small 5.5,Copper Strip X Sm 5.5,1,
,Leather - Cowhide,0.04464,
Stamped Leather Cuff Large 5.5,Copper Strip Large 5.5,1,
,Leather - Cowhide,0.07703,
Jenn Glass Cuff Large,Stamped Leather Cuff Large,1,
,Beads - Silver 15-4201,2,
,"Japanese Rocaille WBG, 15, 720",2,
,Beads - Turquoise 15-374,4,
,Thread - Nymo Nylon White Size B,0.0018,
,Thread - Nymo White Size D,0.00694,
,"Glue - Aleene's, 8 oz",0.0005,
Tai Glass Cuff Large,"Japanese Rocaille WBG, 15, 720",5,
,Beads - Silver 15-4201,4,
,Beads - Yellow Green 722,4,
,Beads - Turquoise 15-374,4,
,Stamped Leather Cuff Large,1,
,"Glue - Aleene's, 8 oz",0.0005,
,Thread - Nymo Nylon White Size B,0.0018,
,Thread - Nymo White Size D,0.00694,
,Beads - Gold 15-4202,2,
sample Neapolitan checker cuff large,Beads - Black 15-401,4,
,Beads - Silver 15-4201,4,
,Beads - Gold 15-4202,4,
,Stamped Leather Cuff Large,1,
,"Glue - Aleene's, 8 oz",0.0005,
,Thread - Nymo Nylon White Size B,0.0018,
,Thread - Nymo White Size D,0.00694,
Sample Neapolitan checker cuff small,Beads - Black 15-401,2,
,Beads - Silver 15-4201,2,
,Beads - Gold 15-4202,2,
,Stamped Leather Cuff Small,1,
,"Glue - Aleene's, 8 oz",0.0005,
,Thread - Nymo Nylon White Size B,0.0005,
,Thread - Nymo White Size D,0.00442,
Sample Confetti teal and gold cuff large,Beads - Gold 15-4202,4,
,Stamped Leather Cuff Large,1,
,"Glue - Aleene's, 8 oz",0.0005,
,Thread - Nymo Nylon White Size B,0.0018,
,Thread - Nymo White Size D,0.00694,
Sample Confetti teal and gold cuff small,Beads - Gold 15-4202,2,
,Stamped Leather Cuff Small,1,
,"Glue - Aleene's, 8 oz",0.0005,
,Thread - Nymo Nylon White Size B,0.0005,
,Thread - Nymo White Size D,0.00442,
Sample dark pink and gold Valentine cuff small,Beads - Gold 15-4202,2,
,Stamped Leather Cuff Small,1,
,"Glue - Aleene's, 8 oz",0.0005,
,Thread - Nymo Nylon White Size B,0.0005,
,Thread - Nymo White Size D,0.00442,
Tara Large Cuff,Stamped Leather Cuff Large,1,
,Beads - Gold 15-4202,3,
,Beads - Yellow Green 722,3,
,Beads - Turquoise 15-374,3,
,Thread - Nymo Nylon White Size B,0.004,
,Thread - Nymo White Size D,0.004,
Tara Small Cuff,Stamped Leather Cuff Small,1,
,Beads - Gold 15-4202,2,
,Beads - Yellow Green 722,2,
,Beads - Turquoise 15-374,2,
,Thread - Nymo Nylon White Size B,0.004,
,Thread - Nymo White Size D,0.004,
,"Glue - Aleene's, 8 oz",0.004,
Torian Large Cuff,Stamped Leather Cuff Large,1,
,Beads - Gold 15-4202,5,
,Beads - Turquoise 15-374,3,
,Beads - Green 15-375A,3,
,Beads - Yellow Green 722,3,
,"Glue - Aleene's, 8 oz",0.0005,
,Thread - Nymo Nylon White Size B,0.0018,
,Thread - Nymo White Size D,0.00694,
Torian Small Cuff,Stamped Leather Cuff Small,1,
,Beads - Gold 15-4202,4,
,Beads - Turquoise 15-374,2,
,Beads - Green 15-375A,2,
,Beads - Yellow Green 722,2,
,"Glue - Aleene's, 8 oz",0.0005,
,Thread - Nymo Nylon White Size B,0.0005,
,Thread - Nymo White Size D,0.00442,
Thunderbird Rose Large Cuff,Stamped Leather Cuff Large,1,
,Beads - Silver 15-4201,4,
,Beads - Rose Gold 15/0 P481,4,
,Beads - 15/0 Charlotte Bronze,3,
,"Glue - Aleene's, 8 oz",0.0005,
,Thread - Nymo Nylon White Size B,0.0018,
,Thread - Nymo White Size D,0.00694,
Thunderbird Rose Small Cuff,Stamped Leather Cuff Small,1,
,Beads - Silver 15-4201,1.71,
,Beads - Rose Gold 15/0 P481,0.85,
,Beads - 15/0 Charlotte Bronze,0.85,
,"Glue - Aleene's, 8 oz",0.0005,
,Thread - Nymo Nylon White Size B,0.0012,
,Thread - Nymo White Size D,0.00442,
Fern Glass Cuff Large 5.5,Stamped Leather Cuff Large 5.5,1,
,Beads - 13/0 Charlotte Cut - Light Green Pearl,4,
,Beads - 13/0 Charlotte Cut - Teal Opaque Iris,4,
,Beads - Gold 15-4202,4,
,Beads - Silver 15-4201,4,
,"Glue - Aleene's, 8 oz",0.0005,
,Thread - Nymo Nylon White Size B,0.0018,
,Thread - Nymo White Size D,0.00694,
Fern Glass Cuff Small 5.5,Stamped Leather Cuff Small 5.5,1,
,Beads - 13/0 Charlotte Cut - Light Green Pearl,2,
,Beads - 13/0 Charlotte Cut - Teal Opaque Iris,2,
,Beads - Gold 15-4202,2,
,Beads - Silver 15-4201,2,
,"Glue - Aleene's, 8 oz",0.0005,
,Thread - Nymo Nylon White Size B,0.0005,
,Thread - Nymo White Size D,0.00442,
O'Keeffe Spring design #1 cuff small,Stamped Leather Cuff Small,1,
,Beads - Blue 412E,2,
,Beads - Silver 15-4201,2,
,Beads - Turquoise 15-374,2,
,"Glue - Aleene's, 8 oz",0.0005,
,Thread - Nymo Nylon White Size B,0.0005,
,Thread - Nymo White Size D,0.00442,
O'Keeffe Spring design #1 cuff large,Stamped Leather Cuff Large,1,
,Beads - Silver 15-4201,4,
,Beads - Blue 412E,4,
,Beads - Turquoise 15-374,4,
,"Glue - Aleene's, 8 oz",0.0005,
,Thread - Nymo Nylon White Size B,0.0018,
,Thread - Nymo White Size D,0.00694,
O'Keeffe Spring design #3 cuff small,Stamped Leather Cuff Small,1,
,Beads - Silver 4201F,2,
,Beads - Cinnamon Luster 15-337,2,
,Beads - Black Topaz 15-1840,2,
,"Glue - Aleene's, 8 oz",0.0005,
,Thread - Nymo Nylon White Size B,0.0005,
,Thread - Nymo White Size D,0.00442,
O'Keeffe Spring design #3 cuff large,Stamped Leather Cuff Large,1,
,Beads - Silver 15-4201,4,
,Beads - Cinnamon Luster 15-337,4,
,Beads - Black Topaz 15-1840,4,
,"Glue - Aleene's, 8 oz",0.0005,
,Thread - Nymo Nylon White Size B,0.0018,
,Thread - Nymo White Size D,0.00694,
O'Keeffe Spring design #6 cuff small,Stamped Leather Cuff Small,1,
,Beads - Turquoise 15-374,2,
,Green 15-F463R,2,
,Beads - Gold 15-4202,1.5,
,"Glue - Aleene's, 8 oz",0.0005,
,Thread - Nymo Nylon White Size B,0.0005,
,Thread - Nymo White Size D,0.00442,
O'Keeffe Spring design #6 cuff large,Stamped Leather Cuff Large,1,
,Beads - Turquoise 15-374,4,
,Green 15-F463R,4,
,Beads - Gold 15-4202,2,
,"Glue - Aleene's, 8 oz",0.0005,
,Thread - Nymo Nylon White Size B,0.0018,
,Thread - Nymo White Size D,0.00694,
O'Keeffe Spring design #9 cuff small,Stamped Leather Cuff Small,1,
,Beads - Blue 15-399H,2,
,Beads - Silver 15-4201,2,
,Beads - Black 15-401,2,
,"Glue - Aleene's, 8 oz",0.0005,
,Thread - Nymo Nylon White Size B,0.0005,
,Thread - Nymo White Size D,0.00442,
O'Keeffe Spring design #9 cuff large,Stamped Leather Cuff Large,1,
,Beads - Blue 15-399H,3,
,Beads - Silver 15-4201,3,
,Beads - Black 15-401,3,
,"Glue - Aleene's, 8 oz",0.0005,
,Thread - Nymo Nylon White Size B,0.0018,
,Thread - Nymo White Size D,0.00694,
Tina glass cuff small,Stamped Leather Cuff Small,1,
,Beads - Silver 15-4201,2,
,Beads - Green 15-375A,2,
,Beads - Turquoise 15-374,2,
,Beads - Yellow Green 722,2,
,"Glue - Aleene's, 8 oz",0.0005,
,Thread - Nymo Nylon White Size B,0.0005,
,Thread - Nymo White Size D,0.00442,
Tina Glass Cuff Large,Stamped Leather Cuff Large,1,
,Beads - Silver 15-4201,4,
,Beads - Turquoise 15-374,4,
,Beads - Yellow Green 722,4,
,Beads - Green 15-375A,4,
,"Glue - Aleene's, 8 oz",0.0005,
,Thread - Nymo Nylon White Size B,0.0018,
,Thread - Nymo White Size D,0.00694,
Ella Glass Cuff Large 5.5,Stamped Leather Cuff Large 5.5,1,
,Beads - Silver 15-4201,3.3,
,Beads - Black 15-401,1.5,
,Beads - Gold 15-4202,1.2,
,"Glue - Aleene's, 8 oz",0.0005,
,Thread - Nymo Nylon White Size B,0.0018,
,Thread - Nymo White Size D,0.00694,
Tallulah Glass Cuff Small 5.5,Stamped Leather Cuff Small 5.5,1,
,Beads - Silver 15-4201,1.71,
,Beads - Gold 15-4202,0.85,
,Beads -  13/0 Charlotte Cut Black Opaque,0.85,
,"Glue - Aleene's, 8 oz",0.0005,
,Thread - Nymo Nylon White Size B,0.0005,
,Thread - Nymo White Size D,0.00442,
Dakota Glass Cuff Large 5.5,Stamped Leather Cuff Large 5.5,1,
,Beads - Silver 15-4201,3,
,Beads - Dark Gray 15-377N,1.5,
,Beads - Black 15-401,1.5,
,"Glue - Aleene's, 8 oz",0.0005,
,Thread - Nymo Nylon White Size B,0.0018,
,Thread - Nymo White Size D,0.00694,
"Bracelet, Turquoise and Gold Mother's Day Maze Pair Small",Beads - Gold 15-4202,4,
,Beads - Turquoise 15-374,4,
,Thread - Nymo Nylon White Size B,0.004,
,Thread - Nymo White Size D,0.004,
,"Glue - Aleene's, 8 oz",0.004,
,Stamped Leather Cuff Small,2,
"Bracelet, Turquoise and Silver Mother's Day Maze Pair Small",Stamped Leather Cuff Small,2,
,Beads - Silver 15-4201,4,
,Beads - Turquoise 15-374,4,
,Thread - Nymo White Size D,0.004,
,Thread - Nymo Nylon White Size B,0.004,
,"Glue - Aleene's, 8 oz",0.004,
"Bracelet, Grey and Silver Mother's Day Maze Pair Small",Stamped Leather Cuff Small,2,
,"Japanese Rocaille WBG, 15, 720",4,
,Beads - Silver 15-4201,4,
,Thread - Nymo White Size D,0.004,
,Thread - Nymo Nylon White Size B,0.004,
,"Glue - Aleene's Clear Gel Tacky, 8 oz",0.004,
"Bracelet, Grey and Gold Mother's Day Maze Pair Small","Japanese Rocaille WBG, 15, 720",4,
,Beads - Gold 15-4202,4,
,Thread - Nymo White Size D,0.004,
,Thread - Nymo Nylon White Size B,0.004,
,"Glue - Aleene's, 8 oz",0.004,
,Stamped Leather Cuff Small,2,
